【JAVA高级互联网架构师】脱产预习课,105
【UID全链路设计】脱产预习课,99
【WEB全栈工程师】脱产预习课,91
【VFX商业视效】脱产预习课,162
【网络安全工程师】脱产预习课,84
【Linux云计算】脱产预习课,83
【python人工智能】脱产预习课,108
【国际软件测试工程师】脱产预习课,38
【数据分析与挖掘工程师】脱产预习课,41
【EME网络营销】脱产预习课,60
Python开发-项目拆解分析及简历编写,2
零基础入门JAVA,45
软件测试课程项目-金赢在线,28
软件测试课程项目-双创项目,15
java零基础入门课,80
java零基础入门课,65
JAVA无忧体验班,66
零基础快速入门JAVA体验课,301
软件测试TDE(试听课),78
华为数通(试听课),47
华为云计算认证体验课,87
大数据高级开发工程师(试听课),71
CKA认证体验课,20
华为云计算HCIE认证体验课,51
kubernetes(k8s)官方认证体验课【CKA】,49
剪辑动效【试学】— 创意短视频《分身效果制作》,213
商业插画【试学】— Q萌人像插画,99
【商业插画体验课】三分钟解锁表情包,219
Spring体验课（试学）,199
红帽认证RHCSA体验课,75
红帽认证RHCE体验课,71
红帽认证RHCA体验课,44
MySql数据库,1503
【限时免费】春来计划公益职业规划系列讲座直播回看,6637
全栈式软件测试工程师超值免费试听课,519
“理想之上，'智'领未来”人工智能主题讲座活动,117
中国机器人及人工智能大赛赛项线上说明会,310
开学季，谈“信创”，聊未来公益直播大讲堂,142
Java软件架构体验课,6703
详解经典数据结构—线性表,328
商业视效- PR钢笔抠像应用之抖音跑酷体验课,4841
商业视效- 短视频魔术效果制作体验课,4202
商业视效- 人物介绍片头效果制作体验课,3596
商业视效- 瞬间静止特效体验课,4571
商业视效- 玻璃质感划向动画体验课,4146
商业视效- PR关键帧应用之落版动画制作体验课,3261
商业视效- PR蒙版应用之眼睛转场特效制作体验课,3854
商业视效-Edius时间调节与手绘遮罩之抖音分身特效,3024
商业视效-Final Cut Pro流行转成特效之遮罩转场,2624
商业视效-Vegas文字功能详解之文字预设动画,2760
商业视效-Premiere调色技巧之二级调色,3464
商业视效-达芬奇调色之电视剧片段调色,3369
商业视效-Premiere钢笔抠像应用之抖音跑酷特效,7891
七大高手谈教学,329
Python爬虫下载豆瓣电影到百度网盘,1474
JAVA启航班,1069
Java核心技术—线程并发执行原理,636
互联网架构技术 — Nginx负载均衡策略一致性Hash算法,322
互联网架构技术 -- 断路器原理及应用,302
信息安全工程师课程试听课之SQL注入-手工注入,875
信息安全工程师课程试听课之SQL注入-函数及联合查询,358
信息安全工程师课程试听课之SQL注入-靶场环境准备,350
【职达】360-设计师岗位的三十六计,2586
网络安全大咖养成记,2548
【职达】快手！设计师打怪升级攻略,2633
职达【阿里】-技术岗面试攻略,3458
第八届“发现杯”大赛赛项说明会,2171
数据分析体验课之淘宝用户数据分析,2631
数据分析体验课之电影数据分析,2360
数据分析体验课之基础入门,3600
【上市6周年】职业生涯规划系列直播课,5404
【限时免费】五一耕耘季·“芯”动力“薪”方向,2272
平面设计-复仇者联盟体验课,5009
Python办公自动化体验课,5539
商业插画- 绘制Q版水冰月体验课,4039
CAD试听课-创意手绘,2560
CAD试听课-陈设设计,2572
CAD试听课-展示设计,2745
CAD试听课-深化设计,2417
CAD试听课-主案设计,3329
数据分析与可视化体验课,3311
海滨学院就业指导“云课堂”第一期之简历制作,2908
嵌入式体验课,4303
C++体验课,5799
商业插画- 儿童节主题插画体验课,2726
AE动效体验课,2877
IP形象设计体验课,2474
UI设计职位及课程解读-AUI商业美术,2177
UI设计职位及课程解读-MUI多屏设计,2139
UI设计职位及课程解读-WUI前端设计,1837
UI设计职位及课程解读-WUI界面设计,1865
UI设计职位及课程解读-GUI创意设计,1945
UI设计职位及课程解读-GUI平面设计,2204
商业插画-漫画帅气美少年插画体验课,2822
云计算-服务器硬件,9676
产品经理试听课-一堂课认识产品经理,2745
商业插画-古风插画体验课,3034
VRD-3D美术师 次时代模型制作流程,2202
商业插画-“哇哦”表情漫画风体验课,2906
商业插画-清明主题插画体验课,2583
