标题,positionInfo,houseInfo,followInfo,totalPrice,unitPrice
果园西小区 精装修两居室 诚意出售 看房方便,果园西小区    -  果园,2室1厅 | 63.89平米 | 南 | 精装 | 中楼层(共7层) | 2002年建 | 板楼,27人关注 / 6天以前发布,270,"42,261元/平"
芍药居北里 满五年南北向 有客厅 诚心出售,芍药居北里    -  芍药居,2室1厅 | 57.8平米 | 南 北 | 精装 | 中楼层(共7层)  | 板楼,23人关注 / 11天以前发布,512,"88,582元/平"
怡景园精装修三居室，满五年唯一住房，小区有院子会所,怡景园    -  朝阳门外,3室1厅 | 118.22平米 | 东 | 精装 | 低楼层(共14层) | 1997年建 | 塔楼,38人关注 / 17天以前发布,1008,"85,265元/平"
世纪村西区 南北通透 双阳台 前后不临街 满五年唯一,世纪村西区    -  亚运村小营,1室1厅 | 53.72平米 | 南 北 | 简装 | 中楼层(共5层) | 1995年建 | 板楼,18人关注 / 2个月以前发布,420,"78,184元/平"
合生世界村 南北通透两居 中高楼层 满五年唯一,合生世界村    -  马驹桥,2室1厅 | 90.81平米 | 南 北 | 精装 | 中楼层(共14层) | 2011年建 | 板楼,317人关注 / 一年前发布,268,"29,513元/平"
鼎晟国际+满五唯一+高楼层视野开阔,鼎晟国际    -  万达,1室0厅 | 71.11平米 | 东 | 简装 | 高楼层(共24层) | 2004年建 | 塔楼,23人关注 / 16天以前发布,360,"50,626元/平"
万年花城 南北通透三居 满五年唯一 临首经贸地铁,万年花城三期    -  玉泉营,3室1厅 | 127.51平米 | 南 北 | 简装 | 14层 | 2006年建 | 板楼,4人关注 / 3天以前发布,888,"69,642元/平"
万寿路甲15号院五区 全南向  双卫  管理好,万寿路甲15号院五区    -  万寿路,3室1厅 | 100.1平米 | 南 | 精装 | 中楼层(共16层)  | 塔楼,17人关注 / 3天以前发布,1420,"141,859元/平"
美利新世界 4室2厅 南 北,美利新世界    -  旧宫,4室2厅 | 166.87平米 | 南 北 | 精装 | 中楼层(共6层) | 2004年建 | 板楼,4人关注 / 2天以前发布,680,"40,751元/平"
满五年唯一 南北通透  前后不临街 带花 园,乐府江南    -  田村,2室1厅 | 116.17平米 | 南 北 | 精装 | 底层(共9层) | 2005年建 | 板楼,19人关注 / 6天以前发布,1280,"110,184元/平"
清芷园南北通透四居室 电梯入户 满五年采光好户型方正,清芷园    -  右安门内,4室1厅 | 237.56平米 | 南 北 | 简装 | 17层 | 2003年建 | 板楼,13人关注 / 3天以前发布,2850,"119,970元/平"
德外 卧室朝南  客厅朝南  采光好  格局方正 户型好,新明胡同    -  马甸,1室1厅 | 48.2平米 | 南 | 简装 | 顶层(共18层) | 1992年建 | 塔楼,13人关注 / 6天以前发布,730,"151,453元/平"
西城区 丽阳四季 南北通透 视野很棒 2003年商品房小区,丽阳四季    -  马连道,3室2厅 | 132.35平米 | 南 北 | 简装 | 中楼层(共14层) | 2001年建 | 板楼,45人关注 / 31天以前发布,1479,"111,750元/平"
教场口9号院 电梯房 正规三居 诚意出售 看房方便,教场口9号院    -  六铺炕,3室1厅 | 85.19平米 | 南 西 | 简装 | 低楼层(共21层) | 2005年建 | 塔楼,22人关注 / 18天以前发布,1250,"146,731元/平"
运河河畔运乔嘉园上叠四居室南北通透满五唯一居住舒适,运乔嘉园    -  乔庄,4室2厅 | 172.39平米 | 南 北 | 精装 | 中楼层(共4层) | 2002年建 | 暂无数据,14人关注 / 14天以前发布,740,"42,926元/平"
融景城三居室 南北向全明格局 诚意出售,融景城    -  八角,3室2厅 | 131.6平米 | 南 北 | 简装 | 低楼层(共17层) | 2011年建 | 板楼,22人关注 / 12天以前发布,880,"66,870元/平"
天秀花园安和园    一层  四居室 两厅两卫,天秀花园安和园    -  马连洼,4室2厅 | 195.07平米 | 东 南 西 北 | 精装 | 底层(共6层) | 2002年建 | 板楼,17人关注 / 12天以前发布,1288,"66,028元/平"
东南二环 全南一居 全天采光 户型方正,嘉华世纪公寓    -  建国门外,1室1厅 | 92.47平米 | 南 | 精装 | 低楼层(共18层) | 2003年建 | 板楼,304人关注 / 一年前发布,599.9,"64,876元/平"
时尚街区东区，满五年唯一，明厨明卫，一梯两户。,时尚街区东区    -  梨园,3室2厅 | 127.62平米 | 南 北 | 简装 | 中楼层(共13层)  | 板塔结合,6人关注 / 8天以前发布,566,"44,351元/平"
空港吉祥花园 南北通透两居室 采光充足 交通便利,空港吉祥花园    -  后沙峪,2室1厅 | 88.2平米 | 南 北 | 简装 | 底层(共9层) | 2007年建 | 板塔结合,24人关注 / 11天以前发布,379,"42,971元/平"
丰卉家园 4室1厅 南,丰卉家园    -  五里店,4室1厅 | 64.05平米 | 南 | 精装 | 高楼层(共7层)  | 板楼,20人关注 / 14天以前发布,428,"66,823元/平"
西城二环边，信德园大三居，西南向，随时看,信德园    -  菜户营,3室1厅 | 146.77平米 | 西南 | 简装 | 低楼层(共23层)  | 塔楼,13人关注 / 9天以前发布,1246,"84,895元/平"
富力湾独栋社区，南北通透，无任何遮挡，诚意出售,富力湾    -  马坡,7室2厅 | 439.03平米 | 南 北 | 毛坯 | 3层 | 2011年建 | 板楼,23人关注 / 14天以前发布,1130,"25,739元/平"
诚苑南里 南北三居室 采光通风好 诚心出售,诚苑南里    -  新宫,3室2厅 | 130.99平米 | 南 北 | 简装 | 高楼层(共7层) | 2002年建 | 板塔结合,92人关注 / 2个月以前发布,440,"33,591元/平"
南北通透格局，楼层好，视野开阔，采光充足,兴创屹墅    -  高米店,4室2厅 | 222.6平米 | 南 北 | 精装 | 4层 | 2015年建 | 板楼,13人关注 / 8天以前发布,1600,"71,878元/平"
满五唯一精装修，复式格局，采光好，居住舒适，,枣园小区    -  枣园,3室2厅 | 138.14平米 | 南 北 | 精装 | 高楼层(共7层) | 1999年建 | 板楼,6人关注 / 6天以前发布,520,"37,643元/平"
广和南里二条 东二环光明桥东 半地下室 南北通透三居,广和南里二条    -  劲松,3室1厅 | 75.54平米 | 南 北 | 简装 | 地下室(共6层) | 1989年建 | 板楼,27人关注 / 6天以前发布,300,"39,715元/平"
海淀九号，2013年社区，板楼全明精装三居，人车分流,海淀九号    -  六里桥,3室2厅 | 143.81平米 | 南 北 西 | 其他 | 低楼层(共9层) | 2013年建 | 板楼,11人关注 / 5天以前发布,1580,"109,868元/平"
京香福苑 安定门 交道口 南北通透,京香福苑    -  地安门,3室2厅 | 143.52平米 | 南 西 北 | 精装 | 中楼层(共10层) | 2000年建 | 板楼,15人关注 / 3天以前发布,2100,"146,322元/平"
新出低密度洋房，不临街，新装修拎包住，有车位储物间,万泉新新家园    -  万柳,3室2厅 | 143平米 | 南 北 | 精装 | 高楼层(共6层) | 1999年建 | 板楼,16人关注 / 7天以前发布,2480,"173,427元/平"
融景城 3室2厅 南 北,融景城    -  八角,3室2厅 | 133.65平米 | 南 北 | 简装 | 高楼层(共26层) | 2011年建 | 板楼,10人关注 / 6天以前发布,865,"64,722元/平"
世纪星城正规三居 南北通透 全明格局,世纪星城    -  通州北苑,3室2厅 | 129.85平米 | 南 北 | 简装 | 10层 | 2005年建 | 板楼,20人关注 / 5天以前发布,620,"47,748元/平"
玉海园三里 3室2厅 东 北,玉海园三里    -  玉泉路,3室2厅 | 109.63平米 | 东 北 | 精装 | 低楼层(共10层) | 2001年建 | 塔楼,21人关注 / 7天以前发布,791,"72,152元/平"
精装修三居室，板楼南北通透，采光好,天通苑中苑    -  天通苑,3室2厅 | 124.88平米 | 南 北 | 精装 | 中楼层(共7层) | 2008年建 | 板楼,23人关注 / 3天以前发布,579,"46,365元/平"
武夷花园牡丹园，三阳开泰，带院子，满五唯一，精装修,武夷花园牡丹园    -  武夷花园,3室2厅 | 120.17平米 | 南 北 | 精装 | 底层(共7层) | 2001年建 | 板楼,21人关注 / 4天以前发布,730,"60,748元/平"
青年汇三居五年唯一，南北通透视野开阔，不临街无遮挡,青年汇佳园    -  朝青,3室1厅 | 118.91平米 | 南 北 | 精装 | 高楼层(共14层) | 2007年建 | 板楼,17人关注 / 4天以前发布,935,"78,631元/平"
满五年唯一，高楼层视野佳，光线好，南北通透,万象新天天际高尔夫    -  常营,3室2厅 | 163.88平米 | 南 北 | 精装 | 高楼层(共18层) | 2009年建 | 板楼,22人关注 / 12天以前发布,950,"57,970元/平"
时代龙和满五唯一南北通透复式四居,时代龙和    -  黄村中,3室1厅 | 172.34平米 | 南 北 | 精装 | 顶层(共15层) | 2007年建 | 板楼,20人关注 / 9天以前发布,750,"43,519元/平"
新上福熙大道   干挂石材精装3居南北通透  视野棒,天润福熙大道    -  北苑,3室2厅 | 159.07平米 | 南 北 | 精装 | 中楼层(共27层) | 2011年建 | 板楼,22人关注 / 12天以前发布,1678,"105,489元/平"
古城北路小区 一层南北通透明厨明卫 看房子有钥匙,古城北路    -  古城,2室1厅 | 58.9平米 | 南 北 | 简装 | 底层(共5层) | 1983年建 | 板楼,6人关注 / 7天以前发布,300,"50,934元/平"
南三环中路  中轴线 2004年 看房随时,南三环中路    -  刘家窑,2室1厅 | 79.07平米 | 南 北 | 简装 | 中楼层(共16层) | 2004年建 | 板楼,131人关注 / 6天以前发布,388,"49,071元/平"
北街家园六区 两居室 业主诚意出售 满五唯一,北街家园六区    -  沙河,2室1厅 | 69.53平米 | 东 | 简装 | 底层(共18层) | 2010年建 | 板楼,10人关注 / 7天以前发布,345,"49,619元/平"
瑞都公园世家北区，精装修两居室，无遮挡！满五年唯一,瑞都公园世家北区    -  临河里,2室1厅 | 107.47平米 | 南 | 精装 | 中楼层(共16层) | 2005年建 | 板楼,10人关注 / 6天以前发布,519,"48,293元/平"
三角地小区，距离地铁300米，中间楼层，采光好,三角地    -  万源,2室1厅 | 59.4平米 | 南 北 | 简装 | 中楼层(共5层)  | 板楼,14人关注 / 8天以前发布,230,"38,721元/平"
逸秀名园 通透正规两居 随时可以看房 可以签约,逸秀名园    -  万达,2室1厅 | 93.71平米 | 东 西 | 简装 | 中楼层(共11层)  | 板塔结合,18人关注 / 5天以前发布,399,"42,579元/平"
西城区广安门外小红庙中间层南北两居室业主诚售,小红庙    -  广安门,2室1厅 | 55.45平米 | 南 北 | 简装 | 中楼层(共6层)  | 板楼,17人关注 / 4天以前发布,620,"111,813元/平"
西城纯商品房，满五年唯一正规两居室，东向视野采光好,北欧印象    -  马连道,2室1厅 | 66.02平米 | 东 | 精装 | 中楼层(共28层)  | 塔楼,24人关注 / 7天以前发布,745,"112,845元/平"
海悦公馆南北通透三居 8层总高电梯房 小区中间位置,海悦公馆    -  观音寺,3室1厅 | 99.21平米 | 南 北 | 精装 | 高楼层(共8层) | 2014年建 | 板楼,10人关注 / 8天以前发布,415,"41,831元/平"
牡丹园北影南北两居室不临街临地铁公园,北影小区    -  北太平庄,2室1厅 | 53平米 | 南 北 | 简装 | 顶层(共5层)  | 板楼,27人关注 / 6天以前发布,530,"100,000元/平"
新源西里东街 亮马河景观公园旁 满五年唯一 随时看,新源西里东街    -  东直门,3室1厅 | 67.59平米 | 南 北 | 精装 | 中楼层(共5层) | 1982年建 | 板楼,10人关注 / 4天以前发布,555,"82,113元/平"
六里屯东里南北通透三居室，满五年唯一，看房方便,六里屯东里    -  甜水园,3室1厅 | 66.9平米 | 南 北 | 简装 | 底层(共6层) | 1980年建 | 板楼,5人关注 / 3天以前发布,460,"68,760元/平"
满五年唯一 西南朝向两居室，精装修，拎包入住,京贸国际城    -  武夷花园,2室1厅 | 90.95平米 | 西南 | 精装 | 中楼层(共14层) | 2015年建 | 板塔结合,20人关注 / 7天以前发布,565,"62,123元/平"
宜兰园南北两居 精装修 满五年唯一,宜兰园    -  花乡,2室1厅 | 89.2平米 | 南 北 | 精装 | 中楼层(共6层) | 2002年建 | 板楼,10人关注 / 6天以前发布,450,"50,449元/平"
兴盛街187号院 南北通透两居室 满五唯一,兴盛街187号院    -  枣园,2室2厅 | 83.6平米 | 南 北 | 简装 | 顶层(共16层) | 2009年建 | 板楼,10人关注 / 7天以前发布,360,"43,063元/平"
南二环 蒲安西里 建行家属院 楼龄新 明厨明卫 有物业,蒲安西里    -  蒲黄榆,2室1厅 | 60.34平米 | 东北 | 简装 | 中楼层(共6层)  | 板楼,11人关注 / 4天以前发布,360,"59,662元/平"
南二环外马家堡路27号院 东南大两居 全明格局满五唯一,马家堡路27号院    -  洋桥,2室1厅 | 74.7平米 | 东南 | 简装 | 20层  | 塔楼,16人关注 / 8天以前发布,452,"60,509元/平"
国瑞城 南北两居室  明厨明卫,国瑞城东区    -  崇文门,2室1厅 | 77.02平米 | 南 北 | 精装 | 中楼层(共15层) | 2006年建 | 塔楼,40人关注 / 7天以前发布,875,"113,607元/平"
桃花岛 低密度洋房 三居  万盛东地铁站,桃花岛    -  梨园,3室2厅 | 88.28平米 | 南 西 北 | 简装 | 顶层(共6层) | 2007年建 | 板楼,9人关注 / 4天以前发布,333,"37,721元/平"
铁东小区，南北通透小两居，有钥匙随时看房，随时签约,铁东小区    -  军博,2室1厅 | 53.6平米 | 南 北 | 简装 | 顶层(共6层)  | 板楼,18人关注 / 7天以前发布,530,"98,881元/平"
别墅小区，商品房，南北通透三居室，一层带院,都市芳园丽湖园    -  天通苑,3室2厅 | 118.23平米 | 南 北 | 精装 | 底层(共5层) | 2002年建 | 板楼,35人关注 / 7天以前发布,510,"43,137元/平"
晓月苑五里全南向两居室，高楼层，靠谱出售,晓月苑五里    -  卢沟桥,2室1厅 | 85.13平米 | 南 | 简装 | 高楼层(共22层) | 2003年建 | 塔楼,7人关注 / 5天以前发布,330,"38,765元/平"
三环内 太平桥西里 南北通透三居室 明厨明卫,太平桥西里    -  太平桥,3室1厅 | 70.3平米 | 南 北 | 简装 | 底层(共6层) | 1980年建 | 板楼,18人关注 / 4天以前发布,500,"71,124元/平"
世纪城 正规三居  北向视野好满眼绿化,远大园四区    -  世纪城,3室1厅 | 119.01平米 | 西南 北 | 简装 | 16层 | 2000年建 | 塔楼,6人关注 / 3天以前发布,1189,"99,908元/平"
葛布店南里正规两居室，满五唯一，诚心出售,葛布店南里    -  果园,2室1厅 | 60.37平米 | 南 北 | 简装 | 高楼层(共6层) | 1986年建 | 板楼,5人关注 / 4天以前发布,239,"39,590元/平"
角门东里 3室1厅 南 北,角门东里    -  角门,3室1厅 | 67.76平米 | 南 北 | 简装 | 高楼层(共6层)  | 板楼,8人关注 / 2天以前发布,379,"55,933元/平"
紫金新干线二期，15年低密电梯板楼商品房。,紫金新干线二期    -  霍营,2室1厅 | 92.83平米 | 南 北 | 精装 | 低楼层(共10层) | 2015年建 | 板楼,11人关注 / 2天以前发布,569,"61,295元/平"
商品房社区  满五年唯一 低单价有钥匙，诚意出售,人民大学北路33号院    -  苏州桥,3室1厅 | 177.36平米 | 南 东北 | 简装 | 低楼层(共24层) | 1999年建 | 塔楼,13人关注 / 4天以前发布,1350,"76,117元/平"
月坛三里河东路两居室，南北通透，户型方正，看房方便,三里河东路甲14号院    -  月坛,2室1厅 | 49.3平米 | 南 北 | 毛坯 | 顶层(共6层) | 1976年建 | 板楼,5人关注 / 7天以前发布,750,"152,130元/平"
月坛南街北里 南北通透正规三居室,月坛南街北里    -  月坛,3室1厅 | 71平米 | 南 西 北 | 毛坯 | 低楼层(共16层)  | 板塔结合,15人关注 / 2天以前发布,1098,"154,648元/平"
丽景长安 不临街的大三居 前后景观 看房随时,丽景长安    -  冯村,3室2厅 | 139.41平米 | 南 北 | 简装 | 中楼层(共10层)  | 板楼,4人关注 / 4天以前发布,635,"45,550元/平"
建邦枫景  全明格局三居  精装修  楼层好视野开阔,建邦枫景    -  青塔,3室3厅 | 89.66平米 | 南 北 | 其他 | 高楼层(共22层) | 2011年建 | 板楼,12人关注 / 5天以前发布,530,"59,113元/平"
煤科院小区，南北通透，精装修，中间层，全明格局,和平街十三区    -  和平里,2室1厅 | 62.13平米 | 南 北 | 精装 | 中楼层(共21层) | 1998年建 | 塔楼,12人关注 / 6天以前发布,609,"98,021元/平"
保利春天里远离高速满五唯一无抵押无户口产权清晰,保利春天里    -  天宫院,4室1厅 | 96.41平米 | 南 北 | 精装 | 低楼层(共20层) | 2014年建 | 板楼,2人关注 / 7天以前发布,449,"46,572元/平"
安化南里  朝东 两居室  视野开阔,安化南里    -  广渠门,2室1厅 | 70.03平米 | 东 | 精装 | 低楼层(共16层) | 2008年建 | 塔楼,27人关注 / 7天以前发布,730,"104,242元/平"
悦园2008年商品房 三环边  新上两居室,悦园    -  魏公村,2室1厅 | 77.32平米 | 南 北 | 精装 | 11层 | 2008年建 | 板楼,12人关注 / 2天以前发布,850,"109,933元/平"
品质商品房 南北通透 有车位 随时看 配套齐全,观澜国际    -  四季青,2室1厅 | 121.44平米 | 南 北 | 简装 | 16层 | 2004年建 | 板楼,15人关注 / 2天以前发布,1408,"115,943元/平"
南向、宽间距 采光 视野好、明厨明卫、满五唯一,华业东方玫瑰A区    -  临河里,1室1厅 | 56.99平米 | 南 | 精装 | 低楼层(共28层) | 2011年建 | 板塔结合,8人关注 / 7天以前发布,285,"50,009元/平"
方庄芳群园二区精装修朝南向两居室。,芳群园二区    -  方庄,2室1厅 | 55.9平米 | 南 | 精装 | 底层(共5层) | 1989年建 | 板楼,11人关注 / 2天以前发布,435,"77,818元/平"
玉海园商圈新上中间楼层南北通透两居室,永定路17号院    -  五棵松,2室1厅 | 58.3平米 | 南 北 | 简装 | 中楼层(共6层) | 1994年建 | 板楼,6人关注 / 2天以前发布,539,"92,453元/平"
钟声胡同两居，南北通透，低楼层，成本价。,钟声胡同    -  西单,2室1厅 | 59.4平米 | 南 北 | 简装 | 底层(共6层) | 1988年建 | 板楼,2人关注 / 2天以前发布,936,"157,576元/平"
大方居  两居室  业主诚心出售 看房方便,大方居    -  九棵树(家乐福),2室1厅 | 89.99平米 | 西 | 精装 | 高楼层(共22层) | 2008年建 | 板塔结合,9人关注 / 6天以前发布,305,"33,893元/平"
西三环普惠南里小区满五唯一户型方正,普惠南里    -  公主坟,3室1厅 | 68平米 | 东北 | 简装 | 低楼层(共16层)  | 塔楼,15人关注 / 7天以前发布,680,"100,000元/平"
红莲南路6号 西向两卫两居 满五年,乐城    -  菜户营,2室1厅 | 93.56平米 | 西 | 精装 | 低楼层(共11层) | 2005年建 | 塔楼,21人关注 / 22天以前发布,790,"84,438元/平"
万象新天天际高尔夫 精装南北三居 满五唯一 有钥匙,万象新天天际高尔夫    -  常营,3室2厅 | 145.87平米 | 南 北 | 精装 | 底层(共16层) | 2009年建 | 板楼,31人关注 / 24天以前发布,840,"57,586元/平"
首创禧瑞山 满两年  有钥匙 看房随时,首创禧瑞山    -  马坡,4室1厅 | 141.3平米 | 南 北 | 毛坯 | 中楼层(共4层) | 2018年建 | 板楼,13人关注 / 27天以前发布,629,"44,516元/平"
东北四环2010年，丹麦风格，保养新，南北三居双明卫,阳光上东    -  酒仙桥,3室1厅 | 180.85平米 | 南 北 | 精装 | 中楼层(共17层) | 2009年建 | 板楼,33人关注 / 20天以前发布,1749,"96,710元/平"
马家堡 大红门  一梯两户 南北通透 大三居,远洋自然    -  大红门,3室2厅 | 136.52平米 | 南 北 | 精装 | 低楼层(共13层) | 2006年建 | 板楼,20人关注 / 22天以前发布,975,"71,419元/平"
南北通透精装下叠 拎包入住 南北花园 采光好,美树假日嘉园    -  北七家,3室2厅 | 185.94平米 | 南 北 | 精装 | 底层(共4层) | 2004年建 | 暂无数据,30人关注 / 28天以前发布,830,"44,639元/平"
流星花园三区6层电梯板楼高楼层三居两卫,流星花园三区    -  回龙观,3室1厅 | 127.28平米 | 南 北 | 精装 | 高楼层(共6层) | 2004年建 | 板楼,23人关注 / 22天以前发布,730,"57,354元/平"
正源尚峰尚水尚居园精装三居满五唯一业主诚意出售,正源尚峰尚水    -  海淀北部新区,3室2厅 | 155.32平米 | 南 北 | 精装 | 低楼层(共8层) | 2015年建 | 板楼,33人关注 / 31天以前发布,1120,"72,110元/平"
商五一，不临街，业主诚意出售，中间楼层,云趣园三区    -  回龙观,3室1厅 | 115.09平米 | 南 北 | 简装 | 中楼层(共6层) | 2000年建 | 板楼,40人关注 / 28天以前发布,558,"48,484元/平"
海特花园小区，三室两厅两卫，明厨明卫,海特花园小区    -  苹果园,3室2厅 | 106平米 | 南 西 北 | 简装 | 低楼层(共12层) | 1994年建 | 板塔结合,48人关注 / 27天以前发布,508,"47,925元/平"
月桂庄园 3室2厅 南 北,月桂庄园    -  西红门,3室2厅 | 175.42平米 | 南 北 | 精装 | 底层(共4层) | 2003年建 | 板楼,16人关注 / 30天以前发布,980,"55,866元/平"
公路局家属楼 低楼层 南北通透 地段优越,公路局家属楼    -  玉桥,2室2厅 | 95.91平米 | 南 北 | 精装 | 低楼层(共6层) | 1999年建 | 板楼,6人关注 / 27天以前发布,438,"45,668元/平"
天鹅湾经典高厅三居客厅挑高3.8米 双明卫小区中间位置,天鹅湾南区    -  朝青,3室2厅 | 179.92平米 | 南 北 | 精装 | 中楼层(共19层) | 2009年建 | 板塔结合,38人关注 / 21天以前发布,1420,"78,924元/平"
中间楼层，观小区美景，精装修，拎包入住,首开熙悦尚郡    -  朝青,3室2厅 | 174平米 | 南 北 | 精装 | 低楼层(共26层) | 2017年建 | 板楼,36人关注 / 19天以前发布,1419,"81,552元/平"
和平西街新上西南向三居 户型好 格局好 楼下地铁,和平西街    -  和平里,3室1厅 | 88.12平米 | 西南 | 简装 | 中楼层(共16层) | 1986年建 | 塔楼,32人关注 / 22天以前发布,820,"93,055元/平"
满五年唯一，无遮挡，南北通透，精装修，接受换房周期,府学上院    -  清河,4室2厅 | 168.91平米 | 东 南 北 | 精装 | 低楼层(共26层)  | 板楼,29人关注 / 22天以前发布,1450,"85,845元/平"
《日不落观景好房》随时看房 高楼层 不临街 仅契税,望京新城    -  望京,3室2厅 | 130.25平米 | 东南 | 简装 | 中楼层(共27层) | 1998年建 | 塔楼,36人关注 / 19天以前发布,865,"66,411元/平"
满五唯一，南北通透，双卧朝南，双明卫，视野开阔三居,郦城三区    -  四季青,3室2厅 | 147.18平米 | 南 西 北 | 简装 | 高楼层(共12层) | 2004年建 | 板楼,58人关注 / 17天以前发布,1578,"107,216元/平"
永达逸家，2004年商品房，满五唯一，近地铁,永达逸家    -  田村,2室2厅 | 98.49平米 | 西南 | 简装 | 低楼层(共15层) | 2004年建 | 板塔结合,13人关注 / 20天以前发布,815,"82,750元/平"
联排别墅 130万自住精装修  不临街 居住安静 南北花园,宜山居    -  南邵,5室3厅 | 232.4平米 | 南 北 | 精装 | 3层  | 板楼 | 联排别墅,116人关注 / 24天以前发布,820,"35,284元/平"
宝星国际二期  直观SOHO  视野开阔,宝星国际二期    -  望京,3室1厅 | 126.25平米 | 南 北 | 精装 | 高楼层(共25层) | 2007年建 | 板楼,20人关注 / 22天以前发布,1290,"102,179元/平"
南北通透3居室 满五年成本价 看房随时 诚意出售,南湖东园一区    -  望京,3室2厅 | 120.58平米 | 南 北 | 简装 | 中楼层(共7层) | 1998年建 | 板楼,66人关注 / 25天以前发布,845,"70,078元/平"
万寿路1号院 低层精装三居 满五年唯一,万寿路1号院    -  万寿路,3室1厅 | 76.6平米 | 南 北 | 精装 | 底层(共5层)  | 板楼,36人关注 / 27天以前发布,780,"101,828元/平"
三环新城6号院，正规三居，双卫生间，视野好，没遮挡,三环新城6号院    -  玉泉营,3室2厅 | 121.8平米 | 南 | 精装 | 高楼层(共22层)  | 板楼,17人关注 / 16天以前发布,750,"61,577元/平"
格林云墅  复式户型  三个卧室朝南全明格局 诚心出售,格林云墅    -  南中轴机场商务区,4室1厅 | 138.62平米 | 南 北 | 简装 | 顶层(共9层) | 2015年建 | 板楼,26人关注 / 21天以前发布,409,"29,506元/平"
天通苑北二区电梯三居室，商品房，南北通透，视野好,天通苑北二区    -  天通苑,3室2厅 | 148.98平米 | 南 北 | 精装 | 高楼层(共13层) | 2005年建 | 板楼,29人关注 / 29天以前发布,645,"43,295元/平"
牡丹园北影小区，精装修，电梯直达，看房方便,北影小区    -  北太平庄,2室1厅 | 64.3平米 | 南 北 | 精装 | 低楼层(共12层)  | 板楼,41人关注 / 7天以前发布,730,"113,531元/平"
五道口 成府路35号院 清华大学南门外 带客厅大两居室,成府路35号院    -  五道口,2室1厅 | 68.69平米 | 南 北 | 精装 | 顶层(共6层)  | 板楼,30人关注 / 13天以前发布,695,"101,180元/平"
新壁街 2室1厅 南,新壁街    -  西单,2室1厅 | 74.71平米 | 南 | 精装 | 中楼层(共6层) | 2004年建 | 板塔结合,24人关注 / 4天以前发布,1080,"144,559元/平"
大钟寺三建宿舍 三居全明户型 中间层满五唯一,大钟寺甲133号院    -  皂君庙,3室1厅 | 68平米 | 东 南 北 | 精装 | 中楼层(共6层) | 1985年建 | 板塔结合,14人关注 / 7天以前发布,780,"114,706元/平"
开阳里七区中间楼层南北两居室诚心出售,开阳里七区    -  北京南站,2室1厅 | 73.63平米 | 南 北 | 简装 | 中楼层(共6层) | 2002年建 | 板楼,9人关注 / 4天以前发布,570,"77,415元/平"
大峪街道南大街社区 视野宽阔，南北通透,新桥南大街    -  滨河西区,3室1厅 | 75.04平米 | 南 北 | 简装 | 顶层(共6层) | 1988年建 | 板楼,6人关注 / 7天以前发布,229.5,"30,584元/平"
天通苑东三区，电梯三居室，业主诚意出售，随时看房。,天通苑东三区    -  天通苑,3室1厅 | 150.27平米 | 东北 | 简装 | 中楼层(共20层) | 2003年建 | 塔楼,49人关注 / 29天以前发布,488,"32,475元/平"
芳群园四区，满五唯一，南三环内,芳群园四区    -  方庄,3室1厅 | 92.96平米 | 南 西 北 | 简装 | 高楼层(共18层)  | 板塔结合,43人关注 / 12天以前发布,565,"60,779元/平"
清澄名苑南区精装修 南北通透三居室 电梯房,清澄名苑南区    -  黄村中,3室1厅 | 137.95平米 | 南 北 | 简装 | 中楼层(共11层) | 2003年建 | 板楼,13人关注 / 14天以前发布,710,"51,468元/平"
天通苑板楼三居室精装修可以拎包入住，商品房满五唯一,天通西苑二区    -  天通苑,3室1厅 | 133.29平米 | 南 北 | 精装 | 高楼层(共18层)  | 板楼,22人关注 / 14天以前发布,550,"41,264元/平"
西山华府 小区中间 临水系 次顶层 精装 满五唯一,西山华府    -  马连洼,4室2厅 | 288.59平米 | 南 北 | 精装 | 高楼层(共7层) | 2011年建 | 板楼,21人关注 / 15天以前发布,2600,"90,094元/平"
满五唯一，交通便利，成熟社区，南北通透，低楼层,美然百度城    -  玉桥,3室2厅 | 116.31平米 | 南 北 | 简装 | 底层(共9层) | 2002年建 | 板楼,15人关注 / 10天以前发布,580,"49,867元/平"
芳群园二区板楼三居 南北通透 满五年 精装修 采光好,芳群园二区    -  方庄,3室1厅 | 71.92平米 | 南 北 | 精装 | 中楼层(共5层)  | 板楼,14人关注 / 9天以前发布,520,"72,303元/平"
美利新世界南北通两居室透格局采光好,美利新世界    -  旧宫,2室2厅 | 113.12平米 | 南 北 | 简装 | 顶层(共6层) | 2004年建 | 板楼,5人关注 / 9天以前发布,465,"41,107元/平"
浉城百丽叠下别墅，精装修，南北通透，有车位,浉城百丽    -  亦庄,4室3厅 | 183.95平米 | 南 北 | 精装 | 底层(共4层) | 2003年建 | 板楼,14人关注 / 13天以前发布,1300,"70,672元/平"
美丽园二期  南北通透小3居室 精装修！一梯两户带电梯,美丽园    -  四季青,3室2厅 | 127.67平米 | 南 北 | 精装 | 低楼层(共6层) | 2000年建 | 板楼,11人关注 / 10天以前发布,1795,"140,597元/平"
西红门电梯房*鸿坤理想城派郡20号院”,鸿坤理想城派郡20号院    -  西红门,3室2厅 | 132.9平米 | 北 南 | 精装 | 高楼层(共11层) | 2010年建 | 板楼,11人关注 / 11天以前发布,760,"57,186元/平"
富泉花园 3室2厅 南 北,富泉花园    -  东关,3室2厅 | 167.62平米 | 南 北 | 简装 | 4层 | 2000年建 | 暂无数据,4人关注 / 13天以前发布,680,"40,568元/平"
青秀城下跃户型 上下2层 四环内2011年 房间多 装修好,青秀城    -  玉泉营,3室2厅 | 98.8平米 | 南 北 | 精装 | 底层(共14层) | 2011年建 | 板楼,36人关注 / 12天以前发布,950,"96,154元/平"
满五唯一 南礼士路 全明三居 南北通透,南礼士路三条北里    -  月坛,3室1厅 | 81.9平米 | 东 南 北 | 简装 | 高楼层(共6层) | 1985年建 | 板楼,16人关注 / 15天以前发布,1199,"146,399元/平"
果岭小镇联排别墅，精装修，配套设施齐全，交通便利,果岭小镇    -  东关,4室2厅 | 204.36平米 | 南 北 | 精装 | 1层 | 2007年建 | 暂无数据,10人关注 / 12天以前发布,920,"45,019元/平"
龙兴园北区+满五年唯一+全明格局大三居,龙兴园北区    -  回龙观,3室2厅 | 132.07平米 | 南 北 | 精装 | 低楼层(共6层) | 2000年建 | 板楼,9人关注 / 15天以前发布,635,"48,081元/平"
北京华侨城1号院 南北通透三居 卫生间有窗户,北京华侨城1号院    -  欢乐谷,3室1厅 | 166.16平米 | 南 北 | 精装 | 15层 | 2006年建 | 板楼,29人关注 / 12天以前发布,1200,"72,220元/平"
骏城 5室3厅 南 北,骏城    -  高米店,5室3厅 | 209.65平米 | 南 北 | 简装 | 顶层(共6层) | 2005年建 | 板楼,5人关注 / 8天以前发布,860,"41,021元/平"
新康家园 3室1厅 南 北,新康家园    -  亦庄,3室1厅 | 114.43平米 | 南 北 | 简装 | 15层 | 2003年建 | 板塔结合,25人关注 / 12天以前发布,642,"56,105元/平"
天通苑本一区 板楼3居 精装自住 商满五唯一,天通苑本一区    -  天通苑,3室1厅 | 140.11平米 | 南 北 | 精装 | 低楼层(共6层) | 2000年建 | 板楼,2人关注 / 15天以前发布,530,"37,828元/平"
名都家苑 4号线 满五唯一 复式三居 业主自住 随时签约,名都家苑    -  马家堡,3室2厅 | 78.86平米 | 南 | 精装 | 12层 | 2006年建 | 板楼,42人关注 / 9天以前发布,840,"106,518元/平"
开阳里六区，满五年唯一，双卫，三居南向采光好,开阳里六区    -  北京南站,3室2厅 | 122.24平米 | 南 | 简装 | 24层 | 2002年建 | 塔楼,27人关注 / 13天以前发布,880,"71,990元/平"
房子格局比较方正，一梯两户，看房提前预约,龙湖香醍漫步三区    -  马坡,3室2厅 | 138.64平米 | 南 北 | 精装 | 高楼层(共6层) | 2009年建 | 板楼,24人关注 / 15天以前发布,430,"31,016元/平"
运乔嘉园南向客厅三居室，不临街，满五年家庭唯一,运乔嘉园    -  乔庄,3室2厅 | 116.28平米 | 南 北 | 精装 | 底层(共11层) | 2004年建 | 板塔结合,4人关注 / 9天以前发布,495,"42,570元/平"
龙腾四区 5+6复式 南北通透 阳台在客厅 自住装修,龙腾苑四区    -  回龙观,5室2厅 | 181.66平米 | 南 北 | 精装 | 高楼层(共6层) | 2003年建 | 板楼,37人关注 / 11天以前发布,685,"37,708元/平"
润西山苑 南北通透 精装修 四居室,润西山苑    -  冯村,4室2厅 | 175.47平米 | 南 西 北 | 精装 | 低楼层(共10层) | 2014年建 | 塔楼,9人关注 / 15天以前发布,746,"42,515元/平"
紫竹院公园西门 人济山庄东南三居室 不临街,人济山庄    -  紫竹桥,3室1厅 | 158.89平米 | 东南 | 精装 | 26层 | 2001年建 | 塔楼,32人关注 / 10天以前发布,1656,"104,224元/平"
星河城春季星空 花园洋房 一跃二复式四居 挑高5.52米,春季星空    -  草桥,5室2厅 | 266.16平米 | 南 北 | 简装 | 底层(共6层) | 2005年建 | 板楼,54人关注 / 12天以前发布,1980,"74,392元/平"
精装修  满五唯一 前后都是绿化,益辰欣园    -  科技园区,3室2厅 | 141.4平米 | 南 北 | 精装 | 低楼层(共11层)  | 板楼,18人关注 / 15天以前发布,739,"52,264元/平"
天秀花园古月园 装修好  通透强 位置好 拎包入住,天秀花园古月园    -  马连洼,3室2厅 | 135.95平米 | 南 北 | 精装 | 中楼层(共7层) | 2003年建 | 板楼,27人关注 / 13天以前发布,1360,"100,037元/平"
西红门 福星花园 三居室 洋房商品房社区,福星花园    -  西红门,3室2厅 | 191.21平米 | 南 北 | 精装 | 底层(共4层) | 2002年建 | 板楼,21人关注 / 14天以前发布,960,"50,207元/平"
满五年唯一，中间楼层，南北通透，采光充足，视野宽阔,柳岸方园    -  玉桥,3室2厅 | 143.63平米 | 南 北 | 精装 | 中楼层(共11层) | 2006年建 | 板楼,26人关注 / 13天以前发布,789,"54,933元/平"
杨庄北区双卫全明板楼二层，南北大三居2002年楼龄,杨庄北区    -  杨庄,3室2厅 | 127平米 | 南 北 | 简装 | 低楼层(共6层) | 2002年建 | 板楼,22人关注 / 11天以前发布,736,"57,953元/平"
领秀新硅谷1号院 精装修三居  高楼层 满五年唯一,领秀新硅谷1号院    -  西二旗,3室2厅 | 142.51平米 | 南 北 | 精装 | 高楼层(共9层) | 2011年建 | 板楼,45人关注 / 10天以前发布,1238,"86,872元/平"
金星园新增板楼高楼层全南向两居室。采光好满五唯一！,金星园    -  三元桥,2室1厅 | 112.15平米 | 南 | 精装 | 高楼层(共13层) | 2004年建 | 板楼,19人关注 / 18天以前发布,1360,"121,267元/平"
马家堡 角门 2000年电梯房 近地铁 格局好 客厅大,京华苑    -  角门,1室1厅 | 76.71平米 | 西 | 简装 | 高楼层(共20层) | 2001年建 | 塔楼,0人关注 / 28天以前发布,408,"53,188元/平"
皂君东里满五年唯一 中间层 明厨明卫全南向两居,皂君东里    -  皂君庙,2室1厅 | 60.4平米 | 南 | 精装 | 中楼层(共6层) | 1983年建 | 板楼,43人关注 / 23天以前发布,650,"107,616元/平"
远洋一方润园2号院南向一居，中高楼层视野采光好。,远洋一方润园2号院    -  双桥,1室1厅 | 64.11平米 | 南 | 精装 | 中楼层(共15层) | 2010年建 | 板塔结合,18人关注 / 28天以前发布,418,"65,201元/平"
白纸坊 满五唯一商品房 2004年楼龄 全明格局 全天采光,樱桃二条8号院    -  白纸坊,2室1厅 | 79.07平米 | 西南 | 简装 | 底层(共14层) | 2006年建 | 板楼,32人关注 / 13天以前发布,850,"107,500元/平"
满庭芳园小区，正规三居，看房方便。,满庭芳园    -  双榆树,3室1厅 | 129.14平米 | 南 东北 | 简装 | 低楼层(共24层)  | 塔楼,55人关注 / 13天以前发布,1080,"83,631元/平"
东兴一区 南北通透两居室 近地铁 中间层,东兴一区    -  顺义城,2室1厅 | 78.73平米 | 南 北 | 简装 | 中楼层(共6层) | 1993年建 | 板楼,15人关注 / 13天以前发布,289,"36,708元/平"
南四环边 宜兰园小区 南北小两居 满五年唯一诚心出售,宜兰园    -  花乡,2室1厅 | 65.04平米 | 南 北 | 简装 | 高楼层(共6层)  | 板楼,27人关注 / 14天以前发布,315,"48,432元/平"
远洋山水 3室1厅 南 北,远洋山水    -  鲁谷,3室1厅 | 144.15平米 | 南 北 | 简装 | 27层 | 2006年建 | 板塔结合,55人关注 / 12天以前发布,870,"60,354元/平"
满五年不唯一地质部宿舍央产小两居,北礼士路70号院    -  阜成门,2室1厅 | 48.8平米 | 西 北 | 简装 | 底层(共6层)  | 板楼,11人关注 / 14天以前发布,680,"139,345元/平"
花虎沟2号 满五唯一 有储藏间 不临街 无遮挡 出行方便,汽修一厂宿舍    -  奥林匹克公园,2室1厅 | 61.24平米 | 南 北 | 简装 | 底层(共6层) | 1989年建 | 板楼,23人关注 / 13天以前发布,408,"66,624元/平"
晨光小区南北通透 中间层 正规小两居,晨光小区    -  马家堡,2室1厅 | 56.47平米 | 南 北 | 简装 | 中楼层(共6层) | 1996年建 | 板楼,28人关注 / 14天以前发布,380,"67,293元/平"
安外大街3号院满五年唯一，3居室带有一个正规客厅,安外大街3号院    -  安定门,3室1厅 | 71.67平米 | 西 北 | 精装 | 顶层(共6层) | 1988年建 | 板楼,21人关注 / 6天以前发布,652,"90,973元/平"
长阳半岛2号院 南北通透格局 满五唯一 配套设施齐全,长阳半岛2号院    -  长阳,3室1厅 | 94.87平米 | 南 北 | 精装 | 低楼层(共9层) | 2011年建 | 板楼,38人关注 / 12天以前发布,445,"46,907元/平"
交通便利 居住安静 大客厅带阳台 采光充足 视野宽阔,城子二斜井    -  城子,3室1厅 | 68.34平米 | 南 北 | 简装 | 底层(共6层) | 1992年建 | 板楼,15人关注 / 16天以前发布,193,"28,242元/平"
天居园双卫大两居，满五唯一，高楼层，三面采光,天居园    -  奥林匹克公园,2室1厅 | 110.25平米 | 东 东南 南 北 | 精装 | 中楼层(共32层) | 2008年建 | 塔楼,65人关注 / 12天以前发布,690,"62,586元/平"
石榴园南里 南北通透大客厅满五唯一,石榴园南里小区    -  刘家窑,2室1厅 | 64.37平米 | 南 北 | 简装 | 顶层(共6层)  | 板楼,34人关注 / 15天以前发布,330,"51,267元/平"
北新家园南北通透两居室，满五年成本价，低楼层,北新家园    -  西三旗,2室1厅 | 69.75平米 | 南 北 | 简装 | 底层(共6层)  | 板楼,53人关注 / 12天以前发布,525,"75,269元/平"
恒华安纳湖 精装南向两居室 中高楼层,恒华安纳湖    -  马坡,2室1厅 | 90.62平米 | 南 | 精装 | 中楼层(共10层) | 2013年建 | 板楼,19人关注 / 16天以前发布,260,"28,692元/平"
电梯房 满五唯一 正规一居布局合理，采光好视野无遮挡,蓝调沙龙西区    -  九棵树(家乐福),1室1厅 | 55.63平米 | 西北 | 精装 | 低楼层(共15层) | 2005年建 | 板塔结合,36人关注 / 7天以前发布,249,"44,761元/平"
牡丹园牛奶宿舍满五年近地铁公园停车方便,牛奶宿舍    -  牡丹园,2室1厅 | 62.6平米 | 南 北 | 精装 | 低楼层(共6层)  | 板楼,35人关注 / 14天以前发布,705,"112,620元/平"
模式口南里满五唯一正规带电梯两居室 业主诚心出售,模式口南里    -  苹果园,2室1厅 | 62.97平米 | 西南 | 简装 | 中楼层(共16层) | 1987年建 | 塔楼,35人关注 / 15天以前发布,298,"47,325元/平"
两年才出好户型/南北板楼三居/三房朝南/精装满五唯一,雅成一里    -  朝青,3室1厅 | 90.28平米 | 南 北 | 精装 | 7层 | 2001年建 | 板楼,50人关注 / 15天以前发布,645,"71,445元/平"
总楼层5层，带电梯花园洋房，看房方便，可签约,一品嘉园西区    -  南中轴机场商务区,2室1厅 | 86.71平米 | 南 北 | 简装 | 中楼层(共6层) | 2010年建 | 板楼,11人关注 / 10天以前发布,202,"23,297元/平"
南二环 北京南站 开阳里一街 小两居,开阳里一街    -  北京南站,2室1厅 | 56.72平米 | 东 | 简装 | 12层  | 板塔结合,12人关注 / 16天以前发布,409,"72,109元/平"
《低密洋房社区》南北通透，低楼层，正规一居室，,天通苑本二区    -  天通苑,1室1厅 | 61.32平米 | 南 北 | 精装 | 低楼层(共6层) | 2000年建 | 板楼,13人关注 / 11天以前发布,365,"59,524元/平"
二环外 建行家属院管理好 5、14号线双地铁,蒲安西里    -  蒲黄榆,2室1厅 | 57.54平米 | 南 北 | 简装 | 中楼层(共6层)  | 板楼,33人关注 / 11天以前发布,360,"62,566元/平"
明珠花园东区南北通透双卫大三居,明珠花园    -  十里堡镇,3室1厅 | 107.01平米 | 南 北 | 简装 | 6层 | 2011年建 | 板楼,7人关注 / 11天以前发布,155,"14,485元/平"
北三环安华里，电梯南北两居，楼层高采光好,安华里社区    -  安贞,2室1厅 | 65.35平米 | 南 北 | 简装 | 中楼层(共14层) | 1989年建 | 板塔结合,21人关注 / 14天以前发布,580,"88,753元/平"
民政局自管家属院 94年钢混结构 南向 居住安静 满五年,华严北里2号院    -  健翔桥,1室1厅 | 50.42平米 | 南 | 简装 | 低楼层(共11层) | 1994年建 | 板塔结合,16人关注 / 12天以前发布,438,"86,871元/平"
角门西双地铁4+10号双地铁 2010年商品房一居,左右坊    -  马家堡,1室1厅 | 36.33平米 | 东 | 精装 | 16层 | 2009年建 | 板楼,9人关注 / 5天以前发布,239,"65,786元/平"
此房是南北通透，高楼层，业主诚意出售，看房方便,育新花园北里    -  大兴新机场洋房别墅区,2室1厅 | 79.75平米 | 南 北 | 简装 | 高楼层(共18层) | 2013年建 | 板楼,17人关注 / 7天以前发布,182,"22,822元/平"
西南朝向一居，无遮挡，采光充足，交通便利，配套齐全,珠江骏景北区    -  大红门,1室1厅 | 71.2平米 | 南 | 简装 | 高楼层(共18层) | 2004年建 | 塔楼,27人关注 / 10天以前发布,535,"75,141元/平"
清芷园正规西南两居室，满五年采光好格局方正,清芷园    -  右安门内,2室1厅 | 80.68平米 | 西南 | 精装 | 18层 | 2003年建 | 板塔结合,51人关注 / 10天以前发布,970,"120,229元/平"
满五唯一商品房  两卧朝南 精装修 看房有钥匙,海特花园小区    -  苹果园,2室1厅 | 85.7平米 | 西南 | 精装 | 低楼层(共18层) | 1999年建 | 塔楼,23人关注 / 10天以前发布,498,"58,110元/平"
桃园小区  正规两居室  南北通透  房龄新,桃园小区    -  大峪,2室1厅 | 86.99平米 | 南 北 | 简装 | 顶层(共6层) | 2000年建 | 板楼,3人关注 / 5天以前发布,218,"25,061元/平"
信苑小区 中间南北三居室双卧室南 看房方便 诚心出售,信苑小区    -  沙河,3室1厅 | 99.68平米 | 南 北 | 简装 | 中楼层(共6层) | 1995年建 | 板楼,11人关注 / 10天以前发布,355,"35,614元/平"
和义西里三区2004年商品房，带落地窗，出小区是地铁口,和义西里三区    -  和义,2室2厅 | 85.39平米 | 南 北 | 简装 | 低楼层(共6层) | 2004年建 | 板楼,54人关注 / 10天以前发布,430,"50,358元/平"
佰嘉城 3室1厅 南 北,佰嘉城    -  回龙观,3室1厅 | 119.69平米 | 南 北 | 简装 | 6层 | 2008年建 | 板楼,8人关注 / 12天以前发布,528,"44,114元/平"
北大地南向两居，高楼层，视野好，带电梯,永善里    -  北大地,2室2厅 | 100.33平米 | 南 | 简装 | 中楼层(共21层) | 2005年建 | 塔楼,7人关注 / 11天以前发布,643,"64,089元/平"
角门西双地铁4+10号双地铁 2010年商品房一居,左右坊    -  马家堡,1室1厅 | 36.33平米 | 东 | 精装 | 16层 | 2009年建 | 板楼,9人关注 / 5天以前发布,239,"65,786元/平"
东三环地铁口 交通部家属楼管理好，电梯房 配套成熟，,团结湖北口    -  团结湖,2室1厅 | 52.86平米 | 西 | 精装 | 低楼层(共16层)  | 塔楼,26人关注 / 2天以前发布,376,"71,132元/平"
方庄芳古园一区 诚意卖 通透性好  两居室 采光 视野佳,芳古园一区    -  方庄,2室1厅 | 57.14平米 | 东南 | 精装 | 高楼层(共6层) | 1988年建 | 板楼,18人关注 / 12天以前发布,369,"64,579元/平"
贵园南里乙区 中楼层 诚意出售,贵园南里乙区    -  亦庄,2室2厅 | 87.96平米 | 南 北 | 简装 | 中楼层(共6层) | 1995年建 | 平房,12人关注 / 15天以前发布,485,"55,139元/平"
无遮挡 采光好   精装  随时看房  随时签约,保利茉莉公馆    -  高米店,2室2厅 | 85.04平米 | 南 | 毛坯 | 22层 | 2013年建 | 板塔结合,15人关注 / 10天以前发布,525,"61,736元/平"
北新家园南北通透两居室，满五年成本价，低楼层,北新家园    -  西三旗,2室1厅 | 69.75平米 | 南 北 | 简装 | 底层(共6层)  | 板楼,53人关注 / 12天以前发布,525,"75,269元/平"
电梯房 满五唯一 正规一居布局合理，采光好视野无遮挡,蓝调沙龙西区    -  九棵树(家乐福),1室1厅 | 55.63平米 | 西北 | 精装 | 低楼层(共15层) | 2005年建 | 板塔结合,36人关注 / 7天以前发布,249,"44,761元/平"
牡丹园牛奶宿舍满五年近地铁公园停车方便,牛奶宿舍    -  牡丹园,2室1厅 | 62.6平米 | 南 北 | 精装 | 低楼层(共6层)  | 板楼,35人关注 / 14天以前发布,705,"112,620元/平"
两年才出好户型/南北板楼三居/三房朝南/精装满五唯一,雅成一里    -  朝青,3室1厅 | 90.28平米 | 南 北 | 精装 | 7层 | 2001年建 | 板楼,50人关注 / 15天以前发布,645,"71,445元/平"
恒华安纳湖 精装南向两居室 中高楼层,恒华安纳湖    -  马坡,2室1厅 | 90.62平米 | 南 | 精装 | 中楼层(共10层) | 2013年建 | 板楼,19人关注 / 16天以前发布,260,"28,692元/平"
今日家园两居室，东南两居室无二次采光，无遮挡商品房,今日家园    -  五棵松,2室1厅 | 100.97平米 | 东南 | 简装 | 低楼层(共24层) | 2001年建 | 塔楼,21人关注 / 14天以前发布,940,"93,097元/平"
本房满五唯一南北通透高楼层采光充足视野开阔,康庄路52号院    -  枣园,2室1厅 | 84.61平米 | 南 北 西 | 简装 | 高楼层(共21层) | 2010年建 | 板楼,11人关注 / 9天以前发布,295,"34,866元/平"
此房满五年唯一 低楼层， 南北通透户型 配套齐全,自然佳境    -  潞苑,1室1厅 | 69.08平米 | 南 北 | 简装 | 低楼层(共6层) | 2003年建 | 板楼,11人关注 / 14天以前发布,259,"37,493元/平"
西红门 世嘉博苑南北通透三居室满五年唯一商品房 6/15,世嘉博苑    -  西红门,3室2厅 | 127.21平米 | 南 北 | 精装 | 中楼层(共15层) | 2009年建 | 板楼,24人关注 / 9天以前发布,626,"49,210元/平"
南北通透两居室 满五唯一 商品房  中间楼层 全明格局,大城小镇    -  旧宫,2室1厅 | 94.32平米 | 南 北 | 简装 | 中楼层(共6层) | 2007年建 | 板楼,67人关注 / 12天以前发布,407,"43,151元/平"
富力城A区 南向两居室 高层观景,富力城A区    -  双井,2室1厅 | 88.88平米 | 南 | 精装 | 28层 | 2004年建 | 塔楼,40人关注 / 12天以前发布,970,"109,136元/平"
满五唯一，东南向大二居室，客厅敞亮,安慧北里安园    -  亚运村,2室1厅 | 102.57平米 | 东南 | 简装 | 低楼层(共24层)  | 塔楼,1人关注 / 11天以前发布,850,"82,871元/平"
金隅七零九零  精装修两居室 看房有钥匙 随时可看,金隅七零九零    -  临河里,2室1厅 | 87.51平米 | 南 北 | 简装 | 15层 | 2009年建 | 板楼,5人关注 / 14天以前发布,365,"41,710元/平"
人济山庄 满五年唯一 两室两卫 观河观西山,人济山庄    -  紫竹桥,2室1厅 | 117.93平米 | 西 | 简装 | 26层 | 2001年建 | 塔楼,12人关注 / 12天以前发布,1230,"104,300元/平"
新安里 满五年的商品房 明厅户型,新安里    -  枣园,2室1厅 | 66.84平米 | 南 北 | 简装 | 中楼层(共6层)  | 板楼,1人关注 / 2天以前发布,226,"33,813元/平"
西城 小红庙 低楼层 南北三居室,小红庙    -  广安门,3室1厅 | 69.28平米 | 南 北 | 简装 | 底层(共6层)  | 板楼,43人关注 / 14天以前发布,782,"112,876元/平"
八里庄北里小区 东向两居室 客厅带明窗,八里庄北里小区    -  石佛营,2室1厅 | 81.58平米 | 东 北 东北 | 简装 | 顶层(共6层)  | 板楼,27人关注 / 10天以前发布,450,"55,161元/平"
北三环安贞桥南带电梯的大一居，客厅方正，随时可看房,安华里社区    -  安贞,1室1厅 | 46.82平米 | 东南 | 简装 | 低楼层(共13层) | 1992年建 | 板塔结合,43人关注 / 15天以前发布,330,"70,483元/平"
富力城A区 南向两居室 高层观景,富力城A区    -  双井,2室1厅 | 88.88平米 | 南 | 精装 | 28层 | 2004年建 | 塔楼,40人关注 / 12天以前发布,970,"109,136元/平"
满五唯一，东南向大二居室，客厅敞亮,安慧北里安园    -  亚运村,2室1厅 | 102.57平米 | 东南 | 简装 | 低楼层(共24层)  | 塔楼,1人关注 / 11天以前发布,850,"82,871元/平"
金隅七零九零  精装修两居室 看房有钥匙 随时可看,金隅七零九零    -  临河里,2室1厅 | 87.51平米 | 南 北 | 简装 | 15层 | 2009年建 | 板楼,5人关注 / 14天以前发布,365,"41,710元/平"
义和庄东里  满五唯一 南北通透 采光好 地铁800米,义和庄东里    -  黄村火车站,2室2厅 | 69.88平米 | 北 南 | 精装 | 高楼层(共6层) | 1994年建 | 板楼,19人关注 / 14天以前发布,230,"32,914元/平"
2003年社区，满五年唯一商品房，看房有钥匙,政馨园三区    -  宋家庄,2室1厅 | 97.34平米 | 东 | 简装 | 低楼层(共21层) | 2003年建 | 塔楼,94人关注 / 15天以前发布,450,"46,230元/平"
瑞雪春堂  婚房两居 可拎包住 满五唯一 看房方便,瑞雪春堂    -  良乡,2室1厅 | 81.82平米 | 东南 | 精装 | 低楼层(共15层) | 2013年建 | 板塔结合,11人关注 / 15天以前发布,269,"32,878元/平"
鲁谷七星园新华社带食堂 电梯西南大两居 近地铁,七星园    -  鲁谷,2室1厅 | 86.8平米 | 西南 | 简装 | 高楼层(共15层) | 2003年建 | 塔楼,26人关注 / 10天以前发布,499,"57,489元/平"
高楼层 视野好 景观房 小三居室 双朝向 无遮挡,远洋山水    -  鲁谷,2室1厅 | 115.19平米 | 西北 | 精装 | 25层 | 2007年建 | 塔楼,12人关注 / 8天以前发布,735,"63,808元/平"
南四环 花乡新发地 南北通透 客厅朝南,天伦锦城    -  花乡,2室1厅 | 91.55平米 | 南 北 | 简装 | 中楼层(共12层) | 2003年建 | 板楼,7人关注 / 13天以前发布,455,"49,700元/平"
定福庄西街正规两居 空置 看房方便 业主诚心出售,定福庄西街    -  定福庄,2室1厅 | 59.06平米 | 南 北 | 简装 | 底层(共5层) | 1983年建 | 板楼,86人关注 / 12天以前发布,268,"45,378元/平"
八里庄北里小区 东向两居室 客厅带明窗,八里庄北里小区    -  石佛营,2室1厅 | 81.58平米 | 东 北 东北 | 简装 | 顶层(共6层)  | 板楼,27人关注 / 10天以前发布,450,"55,161元/平"
十里堡 全南两居 满五年 商品房 家庭唯一,十里堡    -  十里堡,2室1厅 | 49.83平米 | 南 | 简装 | 顶层(共5层) | 1973年建 | 板楼,24人关注 / 6天以前发布,249,"49,970元/平"
满五唯一，南北通透三居室，电梯房，采光充足,盛嘉华苑    -  枣园,3室1厅 | 88.82平米 | 南 北 | 简装 | 高楼层(共15层) | 2012年建 | 板楼,20人关注 / 15天以前发布,299,"33,664元/平"
旗胜家园 三居室 东南北朝向 业主诚心出售,旗胜家园    -  西三旗,3室1厅 | 90.62平米 | 东 南 北 | 简装 | 顶层(共28层) | 2009年建 | 板塔结合,44人关注 / 13天以前发布,455,"50,210元/平"
此房满五年唯一 低楼层， 南北通透户型 配套齐全,自然佳境    -  潞苑,1室1厅 | 69.08平米 | 南 北 | 简装 | 低楼层(共6层) | 2003年建 | 板楼,11人关注 / 14天以前发布,259,"37,493元/平"
南海家园七里满五年业主家庭一套住房,南海家园七里    -  亦庄开发区其它,2室1厅 | 90.55平米 | 南 北 | 简装 | 底层(共14层) | 2012年建 | 板楼,30人关注 / 10天以前发布,420,"46,384元/平"
新安里 满五年的商品房 明厅户型,新安里    -  枣园,2室1厅 | 66.84平米 | 南 北 | 简装 | 中楼层(共6层)  | 板楼,1人关注 / 2天以前发布,226,"33,813元/平"
紫竹桥 中海雅园 东南三居 精装 满五年唯一,中海雅园    -  紫竹桥,3室1厅 | 191.07平米 | 东 南 | 精装 | 低楼层(共18层) | 1999年建 | 塔楼,34人关注 / 12天以前发布,1750,"91,590元/平"
双峪路 配套设施齐全，户型合理，交通便利,双峪路小区    -  滨河西区,2室1厅 | 55.26平米 | 南 北 | 简装 | 顶层(共5层) | 1981年建 | 板楼,4人关注 / 11天以前发布,175,"31,669元/平"
房子满五年，居室业主家庭名下在京一套住房，低楼层,康静里    -  东坝,2室1厅 | 61平米 | 南 北 | 精装 | 底层(共6层) | 1994年建 | 板楼,4人关注 / 14天以前发布,317,"51,968元/平"
大方居 商品房 东西通透 全明户型 看房方便,大方居    -  九棵树(家乐福),2室1厅 | 85.16平米 | 东 西 | 简装 | 高楼层(共22层) | 2010年建 | 板塔结合,13人关注 / 7天以前发布,279,"32,762元/平"
玉泉路16号院 满五年 诚心出售 随时看房 2000年楼龄,玉泉路16号院    -  玉泉路,1室1厅 | 71.28平米 | 南 北 | 简装 | 高楼层(共6层)  | 板楼,7人关注 / 12天以前发布,610,"85,579元/平"
康静里小区  满五年唯一  小区中间位置 一梯两户 板楼,康静里    -  东坝,2室1厅 | 59平米 | 南 北 | 简装 | 底层(共6层) | 1994年建 | 板楼,6人关注 / 9天以前发布,295,"50,000元/平"
视野好 南北通透 位置佳 方正两居 诚意出售,富力阳光美园    -  常营,2室1厅 | 88.09平米 | 南 北 | 精装 | 低楼层(共27层) | 2010年建 | 板楼,13人关注 / 14天以前发布,518,"58,804元/平"
远洋万和城B区，小区中间位置，观花园，随时可看,远洋万和城B区    -  亚运村小营,2室1厅 | 89.64平米 | 南 北 | 精装 | 高楼层(共18层) | 2009年建 | 板塔结合,24人关注 / 15天以前发布,1090,"121,598元/平"
同馨家园 小区中间 中间楼层 满五年 看房有钥匙,同馨家园    -  青塔,3室1厅 | 89.55平米 | 南 | 简装 | 6层 | 2011年建 | 板楼,27人关注 / 14天以前发布,455,"50,810元/平"
北洼东里两居室，有客厅，有钥匙,北洼东里    -  紫竹桥,2室1厅 | 70.9平米 | 东 南 | 简装 | 高楼层(共18层) | 1999年建 | 塔楼,28人关注 / 8天以前发布,718,"101,270元/平"
店长推荐春园正规三居室 东西南北户型 面积刚刚好,春园    -  青塔,3室1厅 | 99.65平米 | 西南 北 | 简装 | 高楼层(共24层) | 1999年建 | 塔楼,19人关注 / 11天以前发布,530,"53,187元/平"
丽景长安一期 南北通透 中高楼层  精装修,丽景长安    -  冯村,2室1厅 | 91.82平米 | 南 北 | 精装 | 中楼层(共26层)  | 板塔结合,2人关注 / 12天以前发布,410,"44,653元/平"
曙光花园望塔园 满五唯一 三居室 带车位 高楼层,望塔园    -  四季青,3室1厅 | 116.96平米 | 南 北 | 精装 | 高楼层(共17层) | 2001年建 | 塔楼,13人关注 / 15天以前发布,1150,"98,325元/平"
同馨家园 小区中间 中间楼层 满五年 看房有钥匙,同馨家园    -  青塔,3室1厅 | 89.55平米 | 南 | 简装 | 6层 | 2011年建 | 板楼,27人关注 / 14天以前发布,455,"50,810元/平"
丽景长安一期 南北通透 中高楼层  精装修,丽景长安    -  冯村,2室1厅 | 91.82平米 | 南 北 | 精装 | 中楼层(共26层)  | 板塔结合,2人关注 / 12天以前发布,410,"44,653元/平"
北洼东里两居室，有客厅，有钥匙,北洼东里    -  紫竹桥,2室1厅 | 70.9平米 | 东 南 | 简装 | 高楼层(共18层) | 1999年建 | 塔楼,28人关注 / 8天以前发布,718,"101,270元/平"
恩济里小区  南北通透两居室  诚意出售有钥匙,恩济里小区    -  定慧寺,2室1厅 | 59.8平米 | 南 北 | 简装 | 高楼层(共6层) | 1992年建 | 板楼,28人关注 / 14天以前发布,598,"100,000元/平"
西二环白纸坊桥，南北两居室，精装修，看房方便,鸭子桥43号院    -  菜户营,2室1厅 | 53.63平米 | 南 北 | 精装 | 高楼层(共6层) | 1982年建 | 板楼,21人关注 / 8天以前发布,549,"102,369元/平"
二环边世纪金色嘉园高层南向视野开阔落地窗,世纪金色嘉园    -  北京南站,2室2厅 | 95.88平米 | 南 西 | 简装 | 30层 | 2003年建 | 塔楼,29人关注 / 15天以前发布,839,"87,506元/平"
龙禧苑二区 商品房 南北通透 品质住宅 居家舒适,龙禧苑二区    -  回龙观,3室2厅 | 142.57平米 | 南 北 | 精装 | 中楼层(共5层) | 2004年建 | 板楼,18人关注 / 6个月以前发布,640,"44,891元/平"
南湖东园一区满五年高楼层采光好位置好,南湖东园一区    -  望京,3室1厅 | 140.15平米 | 东南 | 精装 | 高楼层(共28层) | 2000年建 | 塔楼,92人关注 / 5个月以前发布,810,"57,796元/平"
甘露园电梯两居，大客厅钢混，南北双地铁无遮挡小区好,甘露园南里    -  甘露园,2室1厅 | 63.14平米 | 南 北 | 简装 | 低楼层(共16层) | 1994年建 | 塔楼,52人关注 / 7天以前发布,405,"64,144元/平"
南三环/8号线，南北通透两居，3.38米挑高，双卫设计！,珠江骏景北区    -  大红门,2室1厅 | 105.86平米 | 南 北 | 精装 | 底层(共11层) | 2004年建 | 板楼,13人关注 / 8天以前发布,750,"70,849元/平"
天时名苑西南向两居无遮挡面向小区位置安静万达广场,天时名苑    -  通州北苑,2室2厅 | 100.65平米 | 西南 | 精装 | 低楼层(共28层) | 2010年建 | 板塔结合,15人关注 / 7天以前发布,493,"48,982元/平"
南三环 洋桥 海户西里 带电梯 三居室,海户西里    -  洋桥,3室1厅 | 79.6平米 | 东 西 北 | 简装 | 中楼层(共25层) | 1990年建 | 塔楼,9人关注 / 6天以前发布,420,"52,764元/平"
金隅滨和园7号院 1室1厅 南,金隅滨和园7号院    -  石景山其它,1室1厅 | 58.29平米 | 南 | 精装 | 低楼层(共28层) | 2015年建 | 板楼,5人关注 / 8天以前发布,219,"37,571元/平"
满五唯一大三居 只有契税 业主急售,金惠园三里    -  高米店,3室1厅 | 107.64平米 | 南 北 | 精装 | 6层 | 2007年建 | 板塔结合,2人关注 / 8天以前发布,540,"50,168元/平"
北京怡园 正规南北三居室 中间楼中间位置,北京怡园    -  东关,3室1厅 | 95.74平米 | 南 北 | 精装 | 高楼层(共16层)  | 板楼,15人关注 / 8天以前发布,470,"49,092元/平"
强烈推荐  康庄路52号院 南北通透两居室 诚心出售,康庄路52号院    -  枣园,2室1厅 | 87.78平米 | 南 北 | 简装 | 中楼层(共21层) | 2010年建 | 板楼,10人关注 / 6天以前发布,285,"32,468元/平"
美然绿色家园  全明格局 中楼层采光好看房提前联系,美然绿色家园    -  旧宫,2室2厅 | 97.41平米 | 南 北 | 简装 | 中楼层(共6层) | 2001年建 | 板楼,6人关注 / 5天以前发布,450,"46,197元/平"
程庄南里全南向精装两居，满五唯一,程庄南里    -  五里店,2室1厅 | 91.53平米 | 南 北 | 精装 | 中楼层(共21层) | 2005年建 | 塔楼,1人关注 / 5天以前发布,470,"51,350元/平"
三环边  南北通透一居室   精装修  诚心出售,丰台东路16号院    -  玉泉营,1室1厅 | 48.76平米 | 南 北 | 精装 | 中楼层(共6层) | 2017年建 | 板楼,23人关注 / 7天以前发布,238,"48,811元/平"
清水苑社区 东直门北大街 中间楼层 ，采光好，3年精装,东直门北大街    -  东直门,2室1厅 | 64.78平米 | 东 西 | 精装 | 中楼层(共12层)  | 板塔结合,15人关注 / 8天以前发布,730,"112,690元/平"
房子满2年，无增值税，业主诚心出售，随时签约,滨河东里    -  枣园,2室1厅 | 58.09平米 | 南 北 | 简装 | 低楼层(共6层)  | 板楼,11人关注 / 7天以前发布,216,"37,184元/平"
满五唯一，精装南北两居，诚心出售,北街家园八区    -  沙河,2室1厅 | 89.04平米 | 南 北 | 精装 | 中楼层(共15层) | 2011年建 | 板楼,8人关注 / 4天以前发布,418,"46,946元/平"
大兴西红门地铁满五年唯一商品房，宏福园原始三居户型,宏福园    -  西红门,3室1厅 | 90.76平米 | 西南 | 简装 | 底层(共6层) | 1997年建 | 板楼,6人关注 / 6天以前发布,350,"38,564元/平"
电梯塔楼东南向，中间楼层商品房两居室。,天通苑东一区    -  天通苑,2室1厅 | 106.67平米 | 东南 | 简装 | 17层  | 塔楼,9人关注 / 7天以前发布,439,"41,155元/平"
此房是满五年唯一 3居室一层 交易只有契税。,天鑫家园    -  霍营,3室1厅 | 97.31平米 | 南 北 | 简装 | 底层(共6层) | 2002年建 | 板楼,44人关注 / 8天以前发布,459,"47,169元/平"
满五唯一两居室 采光充足 视野开阔 配套齐全,毛纺厂南小区    -  清河,2室1厅 | 67.1平米 | 南 | 简装 | 顶层(共6层) | 1997年建 | 板楼,20人关注 / 7天以前发布,510,"76,006元/平"
新龙城 全明格局 中高楼层 东西通透 一梯两户,新龙城    -  回龙观,2室1厅 | 92.58平米 | 东 西 | 精装 | 中楼层(共10层) | 2007年建 | 板楼,20人关注 / 7天以前发布,560,"60,489元/平"
华远铭悦园，正规三居，全明户型,华远铭悦园    -  临河里,3室1厅 | 91.91平米 | 南 | 简装 | 28层 | 2014年建 | 板楼,9人关注 / 8天以前发布,355,"38,625元/平"
新华西街 3室2厅 南 北,新华西街    -  万达,3室2厅 | 116.09平米 | 南 北 | 其他 | 低楼层(共6层)  | 板楼,14人关注 / 7天以前发布,385,"33,164元/平"
电梯塔楼东南向，中间楼层商品房两居室。,天通苑东一区    -  天通苑,2室1厅 | 106.67平米 | 东南 | 简装 | 17层  | 塔楼,9人关注 / 7天以前发布,439,"41,155元/平"
满五年唯一 正规电梯两居室 采光好 精装修 业主诚心卖,小营干休所    -  清河,2室1厅 | 59.22平米 | 西 | 精装 | 中楼层(共18层)  | 塔楼,11人关注 / 7天以前发布,535,"90,342元/平"
三室，南北 户型合理不浪费，满五年唯一，西单京畿道,京畿道    -  金融街,3室1厅 | 77.8平米 | 南 北 | 简装 | 6层 | 1993年建 | 板楼,4人关注 / 3天以前发布,1399,"179,821元/平"
龙锦苑六区 2室1厅 南 北,龙锦苑六区    -  回龙观,2室1厅 | 83.92平米 | 南 北 | 精装 | 低楼层(共6层) | 2003年建 | 板楼,12人关注 / 6天以前发布,520,"61,964元/平"
高层两居室，视野好，空置随时看,林肯公园    -  亦庄,2室1厅 | 90.21平米 | 南 | 精装 | 高楼层(共24层) | 2010年建 | 板楼,16人关注 / 6天以前发布,710,"78,706元/平"
二环里 东城区 左安浦园小区 南向一居室,左安浦园    -  左安门,1室0厅 | 49.55平米 | 南 | 简装 | 低楼层(共14层) | 2004年建 | 板楼,13人关注 / 8天以前发布,550,"110,999元/平"
中楼层 满五唯一 南北通透 小区湖边中间位置 看房方便,顺驰领海    -  高米店,4室1厅 | 191.25平米 | 南 北 | 精装 | 20层 | 2008年建 | 板塔结合,3人关注 / 3天以前发布,890,"46,536元/平"
满五唯一，高楼层，不临街不把边业主诚心出售全明格局,瑞康家园    -  黄村中,2室1厅 | 96.7平米 | 南 北 | 简装 | 中楼层(共11层) | 2005年建 | 板塔结合,6人关注 / 4天以前发布,425,"43,951元/平"
高楼层三居室 明厨明卫 电梯直达,椿树园    -  宣武门,3室1厅 | 83.79平米 | 东 北 | 其他 | 高楼层(共18层) | 1999年建 | 塔楼,14人关注 / 5天以前发布,1060,"126,507元/平"
房子满五唯一 南北通透两居室 采光好户型方正,格兰晴天    -  玉桥,2室1厅 | 97.31平米 | 南 北 | 简装 | 中楼层(共6层) | 2004年建 | 板楼,6人关注 / 6天以前发布,510,"52,410元/平"
鸿业兴园二区西北两居，户型方正满五年唯一,鸿业兴园二区    -  玉泉营,2室2厅 | 90.15平米 | 南 北 西 | 简装 | 底层(共16层) | 2010年建 | 板楼,9人关注 / 8天以前发布,480,"53,245元/平"
新华西街 3室2厅 南 北,新华西街    -  万达,3室2厅 | 116.09平米 | 南 北 | 其他 | 低楼层(共6层)  | 板楼,14人关注 / 7天以前发布,385,"33,164元/平"
滨河西里北区 精装明厅三居室 低楼层,滨河西里北区    -  枣园,3室1厅 | 89.71平米 | 南 西 北 | 精装 | 低楼层(共7层) | 1999年建 | 板楼,24人关注 / 6天以前发布,359,"40,018元/平"
顺驰领海 2室1厅 南 北,顺驰领海    -  高米店,2室1厅 | 101.91平米 | 南 北 | 精装 | 8层 | 2009年建 | 板楼,17人关注 / 7天以前发布,528,"51,811元/平"
康盛园 南北通透 精装修 两居室 满五唯一 明厅,康盛园    -  高米店,2室1厅 | 74.88平米 | 南 北 | 精装 | 顶层(共6层) | 1999年建 | 板楼,5人关注 / 8天以前发布,339,"45,273元/平"
门头沟区惠泽家园中间楼层精装修两居,惠泽家园    -  门头沟其它,2室1厅 | 89.07平米 | 南 北 | 精装 | 中楼层(共6层) | 2012年建 | 板楼,7人关注 / 7天以前发布,270,"30,314元/平"
枫竹苑二区 2室1厅 东南,枫竹苑二区    -  马家堡,2室1厅 | 91.53平米 | 东南 | 简装 | 中楼层(共16层)  | 板楼,6人关注 / 4天以前发布,690,"75,386元/平"
天通苑本三区 南北通透板楼两居室,天通苑本三区    -  天通苑,2室1厅 | 67.45平米 | 南 北 | 精装 | 低楼层(共6层) | 1998年建 | 板楼,35人关注 / 8天以前发布,383,"56,783元/平"
冠芳园 2室1厅 南 北,冠芳园    -  沙河,2室1厅 | 89.21平米 | 南 北 | 精装 | 底层(共9层) | 2015年建 | 板楼,7人关注 / 7天以前发布,430,"48,201元/平"
黄村枣园北里 交通便利 户型优质 看房有钥匙,枣园北里    -  枣园,2室1厅 | 60.23平米 | 南 北 | 简装 | 中楼层(共6层)  | 板楼,15人关注 / 4天以前发布,248,"41,176元/平"
新桥大街39号院南北通透两居室，满五唯一,新桥大街39号院    -  大峪,2室1厅 | 68.34平米 | 南 北 | 简装 | 底层(共6层) | 1995年建 | 板楼,4人关注 / 4天以前发布,228,"33,363元/平"
首开智慧社经典户型、户型方正、采光视野棒,首开智慧社    -  回龙观,2室1厅 | 89.69平米 | 西 南 | 简装 | 低楼层(共21层) | 2011年建 | 板楼,13人关注 / 6天以前发布,573,"63,887元/平"
首座御园一区二期，南北通透三居，明卫，诚心出售；,首座御园一区二期    -  枣园,3室2厅 | 117.06平米 | 南 北 | 简装 | 高楼层(共12层) | 2015年建 | 板塔结合,5人关注 / 6天以前发布,441,"37,673元/平"
东城区 清水苑社区 正规两室一厅 精装修 户型规整,东直门北大街    -  东直门,2室1厅 | 60.97平米 | 东 西 | 精装 | 中楼层(共12层)  | 板塔结合,13人关注 / 4天以前发布,719,"117,927元/平"
北大地一里，满五年唯一商品房，看房方便有钥匙,北大地一里    -  北大地,2室1厅 | 50.9平米 | 西南 | 精装 | 低楼层(共6层) | 1980年建 | 塔楼,4人关注 / 6天以前发布,418,"82,122元/平"
西三环，六里桥，南北通透两居，精装修,六里桥10号院    -  六里桥,2室1厅 | 69.8平米 | 南 北 | 精装 | 高楼层(共6层)  | 板楼,20人关注 / 5天以前发布,450,"64,470元/平"
石景山八角北里电梯房中间楼层精装修住宅,八角北里    -  八角,2室1厅 | 56.67平米 | 南 北 | 精装 | 中楼层(共6层) | 1988年建 | 板楼,31人关注 / 7天以前发布,338,"59,644元/平"
华远和墅 三居室 诚心出售 看房方便,华远和墅    -  南中轴机场商务区,3室1厅 | 83.49平米 | 东 西 | 精装 | 6层 | 2015年建 | 板楼,15人关注 / 6天以前发布,188,"22,518元/平"
名佳花园三区精装大两居 南北通透带阁 楼 拎包住,名佳花园三区    -  北七家,2室1厅 | 109.86平米 | 南 北 | 精装 | 5层 | 2004年建 | 板楼,10人关注 / 7天以前发布,416,"37,867元/平"
永乐西区精装修满五年家庭一套住房全明户型,永乐西区    -  鲁谷,2室1厅 | 62.2平米 | 南 北 | 精装 | 中楼层(共6层) | 1993年建 | 板楼,38人关注 / 7天以前发布,330,"53,055元/平"
东城区，南二环，满5年唯一，低楼层。,李村    -  永定门,2室1厅 | 66.92平米 | 东 南 西 | 毛坯 | 低楼层(共6层) | 1995年建 | 板楼,30人关注 / 4天以前发布,555,"82,935元/平"
海淀田村40号院 南北通透两居室 停车便利 业主诚售,田村40号院    -  田村,2室1厅 | 49.8平米 | 南 北 | 简装 | 中楼层(共5层) | 1976年建 | 板楼,8人关注 / 2天以前发布,425,"85,342元/平"
永乐西区精装修满五年家庭一套住房全明户型,永乐西区    -  鲁谷,2室1厅 | 62.2平米 | 南 北 | 精装 | 中楼层(共6层) | 1993年建 | 板楼,38人关注 / 7天以前发布,330,"53,055元/平"
东城区 永定门  管村26号院 97年板楼  南北 2层 两居,管村26号院    -  永定门,2室1厅 | 69.03平米 | 南 北 | 精装 | 低楼层(共6层) | 1997年建 | 板楼,15人关注 / 2天以前发布,574,"83,153元/平"
温榆河畔 8哩岛 全南向2居 带电梯 采光充足,8哩岛    -  北关,2室2厅 | 83.13平米 | 南 | 精装 | 低楼层(共10层) | 2010年建 | 板楼,9人关注 / 5天以前发布,375,"45,111元/平"
翠微路20号院 满五唯一中间楼层 业主随时签合同,翠微路20号院    -  公主坟,1室1厅 | 45.1平米 | 南 | 精装 | 中楼层(共6层) | 1983年建 | 板楼,4人关注 / 5天以前发布,545,"120,843元/平"
房子南北通透的三居室，精装修，满五年不唯一，电梯房,下坡屯家园一区    -  顺义其它,3室1厅 | 100.22平米 | 南 北 | 简装 | 11层 | 2013年建 | 板楼,9人关注 / 4天以前发布,255,"25,445元/平"
西直门   海洋馆  动物园宿舍南北通透两居,动物园宿舍    -  白石桥,2室1厅 | 53.7平米 | 南 北 | 简装 | 高楼层(共6层) | 1988年建 | 板楼,27人关注 / 6天以前发布,510,"94,973元/平"
兴康家园 康庄路52号院 满五唯一 南北通透,康庄路52号院    -  枣园,2室1厅 | 85.88平米 | 南 北 | 简装 | 低楼层(共21层) | 2010年建 | 板楼,9人关注 / 6天以前发布,295,"34,351元/平"
满五唯一，全明户型，在三层，近地铁，位置好，采光好,车站北里    -  黄村火车站,3室1厅 | 78.06平米 | 东 西 | 简装 | 中楼层(共6层) | 1993年建 | 板楼,2人关注 / 4天以前发布,288,"36,895元/平"
流星花园三区 2室1厅 南 北,流星花园三区    -  回龙观,2室1厅 | 101.06平米 | 南 北 | 精装 | 高楼层(共6层) | 2004年建 | 板楼,7人关注 / 6天以前发布,565,"55,908元/平"
高层采光全天无挡，视野开阔，落地窗精装修，诚心出售,雍景四季    -  苹果园,2室1厅 | 113.88平米 | 南 | 精装 | 高楼层(共21层) | 2009年建 | 板楼,6人关注 / 4天以前发布,786,"69,021元/平"
武夷花园，电梯两居室，南向，满五唯一,月季园    -  武夷花园,2室1厅 | 99.56平米 | 南 | 精装 | 高楼层(共27层) | 2010年建 | 板塔结合,15人关注 / 6天以前发布,480,"48,213元/平"
东城区 2005年商品房 朝东三居 满五年唯一 不临街,新奥洋房    -  永定门,3室1厅 | 90.47平米 | 东 | 精装 | 11层 | 2005年建 | 板楼,19人关注 / 7天以前发布,850,"93,954元/平"
房子商满五唯一，在二楼，上下楼方便,龙腾苑五区    -  回龙观,3室2厅 | 146.67平米 | 南 北 | 简装 | 低楼层(共6层) | 2003年建 | 板楼,8人关注 / 7天以前发布,660,"44,999元/平"
南向两居室，采光充足有电梯，视野好，看房方便。,永金里小区    -  五棵松,2室1厅 | 82.44平米 | 南 | 精装 | 中楼层(共12层) | 2009年建 | 塔楼,23人关注 / 4天以前发布,720,"87,337元/平"
玉桥北里正规一居室，精装修采光好，看房方便，诚心卖,玉桥北里    -  乔庄,1室1厅 | 52.98平米 | 东 西 | 精装 | 顶层(共6层) | 1992年建 | 板楼,3人关注 / 4天以前发布,207,"39,072元/平"
此房满五唯一 全明格局 位置远离高铁中间楼层,首邑溪谷    -  枣园,2室1厅 | 48.08平米 | 东北 | 精装 | 高楼层(共16层) | 2012年建 | 板塔结合,0人关注 / 2天以前发布,305,"63,436元/平"
滨河西里北区 2室1厅 东 西,滨河西里北区    -  枣园,2室1厅 | 73.63平米 | 东 西 | 精装 | 底层(共7层) | 1999年建 | 板楼,7人关注 / 2天以前发布,265,"35,991元/平"
双河北里高层河景房，纯首付82万起南北通透大两居,双河北里    -  枣园,2室1厅 | 80.8平米 | 南 北 | 简装 | 顶层(共6层) | 2000年建 | 板楼,2人关注 / 6天以前发布,236,"29,208元/平"
洋桥  西罗园  北京南站    明亮客厅两居室,四路通17号院    -  洋桥,2室1厅 | 67.5平米 | 西南 | 简装 | 高楼层(共6层)  | 板楼,12人关注 / 7天以前发布,360,"53,334元/平"
满五年并且家庭唯一住房，二层，随时可签,南湖园    -  大兴其它,2室1厅 | 52.42平米 | 南 | 简装 | 中楼层(共4层) | 1988年建 | 板楼,4人关注 / 7天以前发布,158,"30,142元/平"
富河园 南北通透 双卫 全明格局 楼龄2002年建成,富河园    -  北关,2室1厅 | 114.35平米 | 南 北 | 简装 | 中楼层(共6层) | 2002年建 | 板楼,2人关注 / 5天以前发布,430,"37,604元/平"
农光东里 2室1厅 南 北,农光东里    -  劲松,2室1厅 | 60.68平米 | 南 北 | 简装 | 低楼层(共6层) | 1985年建 | 板楼,59人关注 / 6天以前发布,375,"61,800元/平"
满五年业主家庭唯一住房看房方便随时签约,福苑小区    -  大兴其它,2室1厅 | 85.68平米 | 南 北 | 精装 | 中楼层(共7层) | 2000年建 | 板楼,4人关注 / 2天以前发布,279,"32,564元/平"
车道沟东里 中央直属机关家属楼 管理好  精装,车道沟东里    -  紫竹桥,2室1厅 | 62.7平米 | 南 | 精装 | 中楼层(共16层) | 1986年建 | 塔楼,10人关注 / 6天以前发布,688,"109,729元/平"
兴隆家园三期南北通透精装三居双卫满5年唯一 诚心出售,兴隆家园    -  高碑店,3室2厅 | 141.32平米 | 北 南 | 精装 | 22层 | 2005年建 | 板塔结合,10人关注 / 4天以前发布,960,"67,931元/平"
玉海园二里，次顶层，正规两居室，诚心出售,玉海园二里    -  玉泉路,2室1厅 | 78平米 | 东南 | 精装 | 高楼层(共11层) | 1998年建 | 板塔结合,6人关注 / 7天以前发布,680,"87,180元/平"
金隅七零九零  满五唯一 南北通透  精装修 公立幼儿园,金隅七零九零    -  临河里,2室1厅 | 88.24平米 | 南 北 | 精装 | 15层 | 2009年建 | 板楼,4人关注 / 5天以前发布,368,"41,705元/平"
海棠湾精装修 明厨明卫两居 中间位置 看房方便,海棠湾三期    -  临河里,2室1厅 | 84.55平米 | 东北 | 精装 | 22层 | 2012年建 | 板塔结合,4人关注 / 3天以前发布,425,"50,267元/平"
流星花园三区 2室1厅 南 北,流星花园三区    -  回龙观,2室1厅 | 101.06平米 | 南 北 | 精装 | 高楼层(共6层) | 2004年建 | 板楼,7人关注 / 6天以前发布,565,"55,908元/平"
海淀田村40号院 南北通透两居室 停车便利 业主诚售,田村40号院    -  田村,2室1厅 | 49.8平米 | 南 北 | 简装 | 中楼层(共5层) | 1976年建 | 板楼,8人关注 / 2天以前发布,425,"85,342元/平"
杨庄22号院 南北通透精装3居 满五唯一,杨庄22号院    -  通州北苑,3室1厅 | 71.92平米 | 南 北 | 精装 | 顶层(共6层)  | 板楼,21人关注 / 4天以前发布,359,"49,917元/平"
和谐家园二区 3室2厅 南 北,和谐家园二区    -  回龙观,3室2厅 | 124.47平米 | 南 北 | 精装 | 中楼层(共6层) | 2006年建 | 板楼,8人关注 / 4天以前发布,640,"51,419元/平"
房子满五年，业主在京一套住房，南北通透，明厅,新安里    -  枣园,2室1厅 | 69.3平米 | 南 北 | 简装 | 中楼层(共6层) | 1999年建 | 板楼,4人关注 / 5天以前发布,238,"34,344元/平"
小后仓 一层半 南北通透 全明格局 独立入户,小后仓    -  官园,3室1厅 | 71.4平米 | 南 北 | 简装 | 底层(共3层)  | 板楼,14人关注 / 3天以前发布,1060,"148,460元/平"
大钟寺甲8号院 低楼层 95年 地铁近 两室两厅,大钟寺甲8号院    -  皂君庙,2室2厅 | 77.9平米 | 南 北 | 简装 | 低楼层(共6层) | 1994年建 | 板塔结合,15人关注 / 6天以前发布,780,"100,129元/平"
西井二区 满五年唯一 低楼层  没遮挡 近地铁（高德）,西井小区二区    -  苹果园,2室1厅 | 49.7平米 | 南 北 | 精装 | 低楼层(共6层) | 1982年建 | 板楼,4人关注 / 4天以前发布,239,"48,089元/平"
房龄新 电梯板楼 阳光两居 高楼层 采光充足 视野开阔,广安﹒康馨家园    -  青塔,2室1厅 | 71.46平米 | 南 | 简装 | 高楼层(共28层) | 2014年建 | 板楼,22人关注 / 7天以前发布,382,"53,457元/平"
西单 新壁街2004年小区 低楼层南北通透两居室,新壁街    -  西单,2室1厅 | 72.78平米 | 南 北 | 简装 | 低楼层(共6层)  | 板楼,19人关注 / 5天以前发布,1070,"147,019元/平"
蒲安东里 钢混电梯房 东南向三居室 近地铁 无遮挡,蒲安东里    -  蒲黄榆,3室1厅 | 80.55平米 | 东南 南 | 简装 | 中楼层(共18层) | 1993年建 | 塔楼,15人关注 / 7天以前发布,505,"62,694元/平"
雍景四季 明厨明卫 带电梯 采光视野好,雍景四季    -  苹果园,2室2厅 | 103.15平米 | 西北 | 精装 | 高楼层(共21层) | 2009年建 | 板楼,7人关注 / 5天以前发布,720,"69,802元/平"
八角北路 3室1厅 南 北,八角北路    -  八角,3室1厅 | 68平米 | 南 北 | 精装 | 高楼层(共6层) | 1983年建 | 板楼,6人关注 / 2天以前发布,335,"49,265元/平"
玉海园三里 满五年唯一精装修 复式,玉海园三里    -  玉泉路,3室2厅 | 136.05平米 | 南 北 | 简装 | 顶层(共6层) | 2000年建 | 板楼,2人关注 / 2天以前发布,889,"65,344元/平"
此房满五唯一 东南向 带车位 商品房,京铁家园    -  五棵松,2室1厅 | 99.49平米 | 东 南 | 简装 | 低楼层(共22层)  | 塔楼,17人关注 / 6天以前发布,560,"56,288元/平"
富力金禧花园两居室，全明户型，无遮挡，景观楼层,富力金禧花园    -  万达,2室1厅 | 90.96平米 | 南 西 北 | 精装 | 低楼层(共24层) | 2015年建 | 板塔结合,7人关注 / 5天以前发布,580,"63,765元/平"
模式口西里 2室1厅 东 西,模式口西里    -  苹果园,2室1厅 | 61.38平米 | 东 西 | 简装 | 中楼层(共6层) | 1991年建 | 板楼,17人关注 / 6天以前发布,239,"38,938元/平"
马家堡 洋桥 角门 全南双阳台 不临街 电梯塔楼,海户西里34号院    -  洋桥,2室1厅 | 73.34平米 | 南 | 精装 | 高楼层(共18层) | 2000年建 | 塔楼,18人关注 / 6天以前发布,455,"62,040元/平"
地铁8号线德茂站  德茂小区2居 南北通透 周边配套齐全,德茂小区    -  瀛海,2室1厅 | 71.03平米 | 南 北 | 其他 | 中楼层(共6层) | 1995年建 | 板楼,7人关注 / 4天以前发布,275,"38,717元/平"
新悦都二区三居室，电梯房，南北通透,首创新悦都二区    -  长阳,3室1厅 | 81.13平米 | 南 北 | 精装 | 低楼层(共9层) | 2014年建 | 板塔结合,3人关注 / 7天以前发布,346,"42,648元/平"
东村家园 正规三居室 全明格局 诚心出售,东村家园    -  回龙观,3室1厅 | 108.11平米 | 南 北 | 精装 | 底层(共8层) | 2005年建 | 板楼,15人关注 / 5天以前发布,658,"60,864元/平"
姚家井二巷 中间楼层，南北通透,姚家井二巷    -  陶然亭,2室1厅 | 55.13平米 | 南 北 | 简装 | 中楼层(共6层) | 1990年建 | 板楼,27人关注 / 6天以前发布,730,"132,415元/平"
车道沟社区 双卧朝南 中间层 不临街 满5年！,车道沟社区    -  紫竹桥,2室1厅 | 58.05平米 | 南 | 精装 | 高楼层(共14层)  | 塔楼,29人关注 / 5天以前发布,560,"96,469元/平"
兰德华庭两居室户型方正地铁口出行便利,兰德华庭    -  田村,2室1厅 | 68.07平米 | 南 北 | 精装 | 13层 | 2004年建 | 板楼,21人关注 / 6天以前发布,610,"89,614元/平"
花园桥 首师大家属院 精装修两居室 中间楼层,西三环北路105号院    -  定慧寺,2室1厅 | 47.4平米 | 西北 | 精装 | 中楼层(共6层)  | 板楼,7人关注 / 6天以前发布,620,"130,802元/平"
满五唯一配合转商 高楼层  视野好,融泽嘉园西二路2号院    -  回龙观,1室1厅 | 66.24平米 | 南 | 简装 | 高楼层(共30层) | 2016年建 | 板楼,22人关注 / 14天以前发布,465,"70,200元/平"
大宁山庄四区 3室1厅 南 北,大宁山庄四区    -  长阳,3室1厅 | 145.78平米 | 南 北 | 精装 | 6层 | 2010年建 | 板楼,13人关注 / 23天以前发布,460,"31,555元/平"
七号线万盛东站四季宜人桃花岛南北通透三居室,桃花岛    -  梨园,3室2厅 | 120.73平米 | 南 北 | 简装 | 低楼层(共6层) | 2008年建 | 板楼,27人关注 / 24天以前发布,518,"42,906元/平"
华润公园九里 下跃前后有院 看房方便 满两年随时签,华润公元九里    -  高米店,5室4厅 | 316.87平米 | 南 北 | 精装 | 底层(共7层) | 2012年建 | 板楼,35人关注 / 20天以前发布,1223,"38,597元/平"
世纪东方嘉园 全南向两居 视野开阔 布局合理 阳光充足,世纪东方城    -  欢乐谷,2室1厅 | 104.92平米 | 南 | 简装 | 高楼层(共21层) | 2005年建 | 板塔结合,30人关注 / 24天以前发布,725,"69,101元/平"
精装修三居室，全屋定制家居，诚心出售,金色漫香苑    -  北七家,3室1厅 | 140.36平米 | 南 北 | 精装 | 低楼层(共8层) | 2013年建 | 板楼,24人关注 / 30天以前发布,608,"43,318元/平"
楼层合适，视野好，格局方正，一梯两户。,芳源里    -  旧宫,3室2厅 | 119.81平米 | 南 北 | 简装 | 高楼层(共10层) | 2010年建 | 板楼,29人关注 / 22天以前发布,598,"49,913元/平"
恋日花都   南北通透三居室    满五唯一,恋日花都    -  草桥,3室2厅 | 149.35平米 | 南 北 | 精装 | 高楼层(共19层) | 2006年建 | 板楼,40人关注 / 21天以前发布,1328,"88,919元/平"
9层电梯洋房，满五年 家庭一套住房 ，看小区花园,银枫家园    -  大山子,3室1厅 | 133.11平米 | 东南 西北 | 简装 | 中楼层(共10层) | 2001年建 | 板楼,18人关注 / 22天以前发布,797,"59,876元/平"
星岛假日 满五年唯一 中间位置 中间楼层 诚意出售,星岛假日    -  亦庄,3室2厅 | 162.85平米 | 南 北 | 精装 | 中楼层(共4层)  | 板楼,11人关注 / 30天以前发布,980,"60,179元/平"
美利中间层 南北大两居 大餐厅 满五年唯一商品房,美利新世界    -  旧宫,2室2厅 | 113.03平米 | 南 北 | 简装 | 中楼层(共6层) | 2004年建 | 板楼,22人关注 / 31天以前发布,489,"43,263元/平"
北关  财富东方 方正户型  电梯两居 满五年 诚心出售,财富东方    -  北关,2室2厅 | 81.47平米 | 西 | 精装 | 中楼层(共26层) | 2007年建 | 塔楼,23人关注 / 26天以前发布,318,"39,033元/平"
满五年唯一，东南好格局，精装保持特好，普通住宅。,远洋山水    -  鲁谷,3室2厅 | 136.02平米 | 东南 | 精装 | 27层 | 2007年建 | 塔楼,17人关注 / 26天以前发布,1065,"78,298元/平"
农科院 皂君庙 南北三居室 楼龄新 低楼层,皂君东里    -  皂君庙,3室2厅 | 138.6平米 | 东 南 北 | 精装 | 底层(共4层) | 1980年建 | 板楼,56人关注 / 28天以前发布,1300,"93,796元/平"
境界上叠  精装修 满五唯一 景观好  南北通透,境界    -  亦庄,4室2厅 | 217.17平米 | 南 北 | 精装 | 中楼层(共4层) | 2004年建 | 板楼,42人关注 / 18天以前发布,1168,"53,783元/平"
润千秋 精装复式 只算一层面积 视野开阔 采光无遮挡,润千秋佳苑    -  西北旺,5室3厅 | 129.9平米 | 南 北 | 精装 | 顶层(共9层) | 2006年建 | 板楼,35人关注 / 27天以前发布,1368,"105,312元/平"
独门独户，电梯专属，观景大平层，带15平落地阳台,天通苑东一区    -  天通苑,3室2厅 | 191.17平米 | 西北 | 简装 | 32层 | 2003年建 | 塔楼,11人关注 / 28天以前发布,596,"31,177元/平"
10号名邸 通透大三居 楼层好 视野开阔 交通便利,10号名邸    -  紫竹桥,3室1厅 | 207平米 | 南 北 | 其他 | 中楼层(共20层) | 2005年建 | 板楼,9人关注 / 19天以前发布,1820,"87,923元/平"
加州水郡三期南北二居 直接观水系喷泉,加州水郡三期    -  长阳,2室2厅 | 116.44平米 | 南 北 | 精装 | 中楼层(共14层) | 2010年建 | 板楼,20人关注 / 25天以前发布,345,"29,629元/平"
恒华湖公馆  五居室   精装拎包入住,恒华湖公馆    -  马坡,5室2厅 | 162.14平米 | 南 北 | 精装 | 顶层(共4层) | 2016年建 | 板楼,8人关注 / 26天以前发布,568,"35,032元/平"
玫瑰御园 边户三居 南北通透 采光视野好,玫瑰御园    -  四季青,3室2厅 | 168.58平米 | 东 南 北 | 精装 | 低楼层(共10层) | 2005年建 | 板楼,24人关注 / 22天以前发布,2200,"130,502元/平"
新上三居 南北通透  满五年名下唯,金汉绿港四区    -  顺义城,3室2厅 | 130.02平米 | 南 北 | 简装 | 中楼层(共20层) | 2010年建 | 板楼,20人关注 / 20天以前发布,520,"39,994元/平"
大西洋新城A区前后安静的花园洋房，精装修满五年唯一,大西洋新城A区    -  望京,3室2厅 | 133.09平米 | 西南 东北 | 精装 | 中楼层(共6层) | 1999年建 | 板楼,42人关注 / 23天以前发布,1236,"92,870元/平"
中国铁建北京山语城  满五唯一,山语城    -  丰台其它,3室2厅 | 124.83平米 | 南 北 | 简装 | 中楼层(共6层) | 2014年建 | 板楼,11人关注 / 21天以前发布,467,"37,411元/平"
房子满五唯一，60万的精装修，业主诚心卖，眼镜房三居,温泉花园A区    -  北七家,3室2厅 | 162.03平米 | 南 北 | 精装 | 中楼层(共6层) | 1995年建 | 板楼,55人关注 / 16天以前发布,480,"29,625元/平"
城市间 4室2厅 南 北,城市间    -  草桥,4室2厅 | 212.79平米 | 南 北 | 简装 | 顶层(共11层) | 2011年建 | 板楼,21人关注 / 25天以前发布,1300,"61,094元/平"
合生精装三居，满二年，中间楼层，视野开阔采光好,合生滨江帝景二期    -  玉桥,3室2厅 | 138.25平米 | 南 北 | 精装 | 中楼层(共18层) | 2016年建 | 板楼,6人关注 / 24天以前发布,740,"53,527元/平"
万象新天一区下叠，精装修，四居室，看房方便。,万象新天一区    -  常营,4室2厅 | 179.72平米 | 南 北 | 精装 | 底层(共4层)  | 板楼,46人关注 / 27天以前发布,1285,"71,501元/平"
珠江罗马嘉园东区  满五年唯一  南北通透,珠江罗马嘉园东区    -  朝青,3室2厅 | 172.1平米 | 南 北 | 精装 | 中楼层(共16层) | 2008年建 | 板塔结合,34人关注 / 22天以前发布,1390,"80,767元/平"
万科中粮假日风景 南北通透格局 明厨明卫 小区中间,万科中粮假日风景    -  青塔,3室2厅 | 135.14平米 | 南 北 | 精装 | 低楼层(共9层) | 2008年建 | 板楼,49人关注 / 28天以前发布,1056,"78,142元/平"
【新】青秀城 南北通透 板楼 全明格局 把边 眼镜户型,青秀城    -  玉泉营,3室2厅 | 126.33平米 | 南 北 | 精装 | 低楼层(共20层) | 2011年建 | 板楼,21人关注 / 20天以前发布,850,"67,285元/平"
万年花城三期   南北通透四居   视野好采光好,万年花城三期    -  玉泉营,4室2厅 | 127.88平米 | 南 北 | 其他 | 9层 | 2006年建 | 板楼,34人关注 / 26天以前发布,1010,"78,981元/平"
富力又一城板楼南北三居  精装修  采光好  满五唯一,富力又一城B区    -  豆各庄,3室1厅 | 134.02平米 | 南 北 | 精装 | 低楼层(共10层) | 2007年建 | 板楼,62人关注 / 27天以前发布,738,"55,067元/平"
紫郡府满五唯一精装修129平三居室,紫郡府    -  旧宫,3室2厅 | 129.13平米 | 南 北 | 精装 | 中楼层(共9层) | 2014年建 | 板楼,66人关注 / 18天以前发布,860,"66,600元/平"
四海公寓 满五唯一 精装修三居室 南北通透,四海公寓    -  潞苑,3室2厅 | 105.45平米 | 南 北 | 简装 | 底层(共6层) | 1994年建 | 板楼,24人关注 / 28天以前发布,349,"33,097元/平"
晓月苑三里 精装修三居室 采光充足 户型方正,晓月苑三里    -  卢沟桥,3室2厅 | 112.68平米 | 南 北 | 精装 | 低楼层(共6层) | 2001年建 | 板楼,15人关注 / 25天以前发布,460,"40,824元/平"
商品房，满五年唯一，户型方正，精装修南北通透采光好,王府公寓三区    -  北七家,4室1厅 | 183.86平米 | 南 北 | 精装 | 中楼层(共5层) | 1995年建 | 板楼,46人关注 / 18天以前发布,483,"26,270元/平"
怡佳家园电梯三居 中间楼层 视野好 户型好 精装修,怡佳家园    -  万达,3室1厅 | 133.32平米 | 东南 | 精装 | 低楼层(共23层) | 2002年建 | 塔楼,53人关注 / 20天以前发布,489,"36,679元/平"
此房南北通透，上下4层，联排别墅，边户，有边院,阳光邑上别墅区    -  良乡,4室2厅 | 242.39平米 | 南 北 | 精装 | 3层 | 2011年建 | 板楼,16人关注 / 27天以前发布,850,"35,068元/平"
香悦四季东区平层四居优质楼层位置好房,香悦四季    -  马坡,4室2厅 | 138.17平米 | 南 北 | 精装 | 中楼层(共11层) | 2011年建 | 板楼,4人关注 / 29天以前发布,535,"38,721元/平"
层高3.4米 精装三居室 一车位 总高4层带电梯官邸,西山壹号院    -  西北旺,3室2厅 | 200.81平米 | 南 北 | 精装 | 6层 | 2011年建 | 板楼,5人关注 / 24天以前发布,2680,"133,460元/平"
东四环凯德锦绣2014年次新房，南北明厨明卫三居诚售,凯德锦绣    -  四惠,3室2厅 | 164.9平米 | 南 北 | 精装 | 中楼层(共26层) | 2013年建 | 板楼,30人关注 / 22天以前发布,1688,"102,366元/平"
运河河畔运乔嘉园南北通透下叠居住舒适,运乔嘉园    -  乔庄,4室2厅 | 154.84平米 | 南 北 | 简装 | 底层(共4层) | 2002年建 | 暂无数据,37人关注 / 16天以前发布,830,"53,604元/平"
创新路2号院  5室2厅3卫7阳台 精装修 电梯房,创新路2号院    -  东关,5室2厅 | 259.75平米 | 东 南 北 | 精装 | 高楼层(共10层) | 2009年建 | 板楼,19人关注 / 17天以前发布,1280,"49,279元/平"
流星花园三区 带电梯 四居室 花园洋房,流星花园三区    -  回龙观,4室2厅 | 164.11平米 | 南 北 | 精装 | 低楼层(共6层) | 2005年建 | 板楼,37人关注 / 17天以前发布,899,"54,781元/平"
紫郡府满五唯一精装修129平三居室,紫郡府    -  旧宫,3室2厅 | 129.13平米 | 南 北 | 精装 | 中楼层(共9层) | 2014年建 | 板楼,66人关注 / 18天以前发布,860,"66,600元/平"
长阳半岛怡和路6号院 满五唯一 位置好,长阳半岛怡和路6号院    -  长阳,3室2厅 | 139.89平米 | 南 北 | 精装 | 中楼层(共9层)  | 板楼,18人关注 / 17天以前发布,670,"47,895元/平"
北京华侨城1号院 南北通透三居室 满五唯一 高楼层,北京华侨城1号院    -  欢乐谷,3室1厅 | 147.91平米 | 北 南 | 精装 | 33层 | 2014年建 | 板塔结合,15人关注 / 24天以前发布,1100,"74,370元/平"
那尔水晶城 3室2厅 南 北,那尔水晶城    -  枣园,3室2厅 | 123.66平米 | 南 北 | 精装 | 中楼层(共15层) | 2005年建 | 板楼,35人关注 / 27天以前发布,638,"51,594元/平"
大成郡南北三居室 中间楼层 明卫 17平米阳台,大成郡    -  岳各庄,3室2厅 | 137.12平米 | 南 北 | 精装 | 中楼层(共7层) | 2010年建 | 板楼,34人关注 / 28天以前发布,1350,"98,454元/平"
丽港美度中间层三居室，看房方便,丽港美度    -  望京,3室2厅 | 120.81平米 | 南 北 | 简装 | 中楼层(共6层) | 2006年建 | 板楼,29人关注 / 21天以前发布,1000,"82,775元/平"
天泰新房苑 南北通透两居 板楼带电梯 精装保持好,天泰新房苑    -  双桥,2室2厅 | 106.86平米 | 南 北 | 精装 | 低楼层(共11层) | 2005年建 | 板楼,19人关注 / 25天以前发布,489,"45,761元/平"
金沟河5号院 可对外三居 中间层 南北通透采光好,金沟河5号院    -  五棵松,3室1厅 | 79.51平米 | 南 北 | 简装 | 中楼层(共6层)  | 板楼,33人关注 / 22天以前发布,676,"85,021元/平"
满五年唯一业主诚心出售 看房方便,西潞园四里    -  良乡,3室2厅 | 106.74平米 | 南 北 | 精装 | 6层 | 1995年建 | 板楼,6人关注 / 26天以前发布,292,"27,357元/平"
天通苑东三区，法式园，低楼层三居，无遮挡，,天通苑东三区    -  天通苑,3室1厅 | 124.66平米 | 南 北 | 简装 | 7层 | 2002年建 | 板楼,31人关注 / 29天以前发布,537,"43,078元/平"
科学院南里风林绿洲中间层三居室,风林绿洲    -  南沙滩,3室2厅 | 160.28平米 | 南 北 | 简装 | 中楼层(共11层) | 2002年建 | 板楼,15人关注 / 17天以前发布,1650,"102,945元/平"
首座御园二期北区三期 东南朝向格局,首座御园二期北区三期    -  枣园,3室1厅 | 118.04平米 | 东南 | 简装 | 中楼层(共12层) | 2015年建 | 板塔结合,10人关注 / 24天以前发布,425,"36,005元/平"
望福园  南北通透三居室  有电梯 装修保养好,望福园    -  四季青,3室2厅 | 119.22平米 | 南 北 | 精装 | 低楼层(共6层) | 2000年建 | 板楼,26人关注 / 15天以前发布,1145,"96,041元/平"
大西洋新城D区 正南正北大四居  全明格局 满5年唯一,大西洋新城D区    -  望京,4室2厅 | 179.85平米 | 南 北 | 精装 | 高楼层(共24层) | 2002年建 | 板塔结合,37人关注 / 19天以前发布,1730,"96,192元/平"
k2海棠湾 南向下跃 三居室 精装修 位置好,海棠湾二期    -  临河里,3室1厅 | 112.8平米 | 南 | 精装 | 底层(共27层) | 2011年建 | 板楼,35人关注 / 15天以前发布,560,"49,646元/平"
国兴家园 6/9号线白石桥南 商品房社区 纯改善,国兴家园    -  甘家口,3室2厅 | 143.41平米 | 东北 | 精装 | 高楼层(共24层) | 2001年建 | 塔楼,26人关注 / 20天以前发布,1615,"112,615元/平"
亚奥金茂悦  眼镜格局四居  诚意出售,亚奥金茂悦    -  北苑,4室2厅 | 184.62平米 | 南 北 | 精装 | 中楼层(共18层) | 2014年建 | 板楼,54人关注 / 25天以前发布,1700,"92,082元/平"
庄维花园 东南朝向三居室 户型好,庄维花园    -  七里庄,3室1厅 | 145.42平米 | 东 南 | 精装 | 中楼层(共24层) | 2002年建 | 塔楼,24人关注 / 27天以前发布,910,"62,578元/平"
瑞雪春堂 2013年电梯房 满五唯一 中间层明卫 有车位,瑞雪春堂    -  良乡,3室2厅 | 137.69平米 | 东 南 北 | 精装 | 中楼层(共15层) | 2013年建 | 板塔结合,18人关注 / 18天以前发布,459,"33,336元/平"
聚兴园 南北通透三居室 前后无遮挡 看房方便,聚兴园    -  鲁谷,3室2厅 | 115.65平米 | 南 北 | 精装 | 中楼层(共12层) | 2006年建 | 板楼,21人关注 / 17天以前发布,780,"67,445元/平"
瑞雪春堂 2013年电梯房 满五唯一 中间层明卫 有车位,瑞雪春堂    -  良乡,3室2厅 | 137.69平米 | 东 南 北 | 精装 | 中楼层(共15层) | 2013年建 | 板塔结合,18人关注 / 18天以前发布,459,"33,336元/平"
南北通透 精装两居 商满五年唯一 公园旁边,龙腾苑二区    -  回龙观,2室1厅 | 91.56平米 | 南 北 | 精装 | 中楼层(共6层) | 2003年建 | 板楼,16人关注 / 14天以前发布,546,"59,634元/平"
天鑫家园，商品房社区，环境优美,天鑫家园    -  霍营,2室1厅 | 95.35平米 | 南 西 | 简装 | 中楼层(共7层)  | 板塔结合,29人关注 / 11天以前发布,463,"48,558元/平"
满五年唯一，产权清晰，南北通透，精装修，视野开阔,小黄庄一区    -  安贞,3室1厅 | 84.33平米 | 东 南 北 | 精装 | 中楼层(共21层)  | 板塔结合,30人关注 / 14天以前发布,1055,"125,104元/平"
永定路西里 南北通透98年钢混有电梯 满五家庭唯一住房,永定路西里    -  五棵松,2室1厅 | 72.56平米 | 南 北 | 精装 | 低楼层(共12层)  | 板楼,35人关注 / 13天以前发布,880,"121,279元/平"
满五唯一大复式  全明格局  全天采光无遮挡 有钥匙,威尔夏大道    -  太平桥,4室3厅 | 204.52平米 | 南 | 简装 | 顶层(共21层)  | 板楼,17人关注 / 25天以前发布,1500,"73,343元/平"
海淀产权，安宁里南区，精装两居，满五年唯一，有钥匙,安宁里南区    -  安宁庄,2室1厅 | 73.49平米 | 南 北 | 精装 | 7层 | 2000年建 | 板楼,59人关注 / 1个月以前发布,567,"77,154元/平"
睿府书香  精装修两居室  满五唯一  业主诚心出售,首开熙悦睿府书香    -  良乡,2室1厅 | 80.42平米 | 南 | 精装 | 底层(共18层)  | 板塔结合,14人关注 / 24天以前发布,335,"41,657元/平"
九龙山庄三区，明厨明卫，南北一居，位置安静，不临街,九龙山庄三区    -  西红门,1室1厅 | 58.06平米 | 南 北 | 简装 | 低楼层(共6层) | 1996年建 | 板楼,57人关注 / 27天以前发布,239,"41,165元/平"
清源西里小区，满五唯一，全明户型,清源西里    -  枣园,2室1厅 | 53.01平米 | 南 北 | 简装 | 中楼层(共6层) | 1991年建 | 板塔结合,70人关注 / 20天以前发布,240,"45,275元/平"
团结湖公寓 明厨明卫一居室 楼龄新 管理好,团结湖公寓    -  团结湖,1室1厅 | 64.14平米 | 东 北 | 简装 | 中楼层(共21层) | 2000年建 | 塔楼,18人关注 / 31天以前发布,498,"77,643元/平"
泰和宜园 南北通透 高楼层 视野宽阔,泰和宜园    -  马坡,3室2厅 | 124.47平米 | 南 北 | 精装 | 高楼层(共11层) | 2010年建 | 板楼,20人关注 / 31天以前发布,410,"32,940元/平"
科学园南里四区 全明格局三居室，满五年唯一央产房,科学园南里四区    -  南沙滩,3室1厅 | 85.09平米 | 北 东南 | 简装 | 中楼层(共7层) | 1995年建 | 板楼,40人关注 / 31天以前发布,906,"106,476元/平"
店长推荐，西华府南北精装修两居室，采光好，通风好,京投银泰万科西华府    -  科技园区,2室1厅 | 80.32平米 | 南 北 | 精装 | 中楼层(共26层) | 2019年建 | 板楼,29人关注 / 20天以前发布,560,"69,722元/平"
福润四季A区 满五年唯一 全明格局两居室 业主诚心卖,福润四季A区    -  东坝,2室1厅 | 75.34平米 | 东南 北 | 精装 | 高楼层(共21层) | 2014年建 | 板楼,16人关注 / 26天以前发布,435,"57,739元/平"
定福家园2号院，西南北两居，近地铁出行方便,定福家园2号院    -  定福庄,2室1厅 | 78.73平米 | 西 南 北 | 简装 | 低楼层(共11层) | 2006年建 | 板楼,55人关注 / 27天以前发布,410,"52,077元/平"
新康家园 南北2居 中间楼层 满五唯一,新康家园    -  亦庄,2室2厅 | 89.1平米 | 南 北 | 简装 | 6层 | 2000年建 | 板楼,21人关注 / 21天以前发布,645,"72,391元/平"
富华家园 高层 西南两居 采光好 视野无挡,富华家园    -  高碑店,2室1厅 | 83.67平米 | 西南 | 简装 | 顶层(共22层) | 2003年建 | 塔楼,62人关注 / 26天以前发布,450,"53,783元/平"
九棵树 京洲世家 中泽馨园 满五年唯一 南北通透,京洲世家    -  九棵树(家乐福),2室1厅 | 92.1平米 | 南 北 | 精装 | 高楼层(共9层) | 2011年建 | 板楼,16人关注 / 24天以前发布,416,"45,169元/平"
华业东方玫瑰方正户型两居室精装修,华业东方玫瑰D区    -  临河里,2室1厅 | 92.01平米 | 南 西 | 精装 | 低楼层(共27层) | 2013年建 | 板塔结合,29人关注 / 20天以前发布,476,"51,734元/平"
新龙城正规两居室，中间楼层，采光好无遮挡,新龙城    -  回龙观,2室1厅 | 87.15平米 | 西北 | 精装 | 中楼层(共11层) | 2007年建 | 板楼,72人关注 / 30天以前发布,518,"59,438元/平"
水碓子东里南北通透两居室 中间成 采光好,水碓子东里    -  甜水园,2室1厅 | 62.1平米 | 南 北 | 精装 | 中楼层(共6层) | 1984年建 | 板楼,37人关注 / 25天以前发布,450,"72,464元/平"
红莲晴园 三居两卫 简单装修 无遮挡  产权干净,红莲晴园    -  马连道,3室2厅 | 145.35平米 | 东北 | 简装 | 低楼层(共20层) | 2006年建 | 塔楼,41人关注 / 19天以前发布,1189,"81,803元/平"
芳园里小区正规南北两居室，明厨明卫，带客厅，次顶层,芳园里    -  酒仙桥,2室1厅 | 57.13平米 | 南 北 | 简装 | 高楼层(共6层) | 1992年建 | 板楼,140人关注 / 25天以前发布,390,"68,266元/平"
小关北里1993年精装两居，2层，南北通透带客厅,小关北里    -  惠新西街,2室1厅 | 57.71平米 | 南 北 | 精装 | 低楼层(共6层) | 1993年建 | 板楼,82人关注 / 28天以前发布,499,"86,467元/平"
路劲世界城二期 3室2厅 南 北,路劲世界城二期    -  南邵,3室2厅 | 94.45平米 | 南 北 | 精装 | 高楼层(共16层)  | 板楼,22人关注 / 27天以前发布,469,"49,656元/平"
旗舰凯旋二三期南北通透正规一居室,旗舰凯旋二三期    -  九棵树(家乐福),1室1厅 | 64.73平米 | 南 北 | 简装 | 6层 | 2008年建 | 板楼,16人关注 / 26天以前发布,257,"39,704元/平"
此房全明户型，户型方正，双卧朝南，明厨明卫,大方居    -  九棵树(家乐福),2室1厅 | 88.9平米 | 东南 | 简装 | 中楼层(共22层) | 2010年建 | 板塔结合,46人关注 / 21天以前发布,299,"33,634元/平"
良乡拱辰南大街93号，满五唯一，诚心出售。,嘉瑞通小区    -  良乡,2室1厅 | 92.55平米 | 南 西 | 精装 | 低楼层(共15层) | 2006年建 | 塔楼,55人关注 / 25天以前发布,232,"25,068元/平"
四环内，明厨明卫，南北通透两居室，满五年，业主诚售,新村四里    -  玉泉营,2室1厅 | 59.81平米 | 南 北 | 简装 | 中楼层(共6层)  | 板楼,66人关注 / 27天以前发布,308,"51,497元/平"
2000年社区 成本价大两居  落地大窗采光好,梅园甲    -  马连洼,2室1厅 | 105.32平米 | 南 北 | 精装 | 底层(共6层) | 2002年建 | 板楼,10人关注 / 18天以前发布,860,"81,656元/平"
满五年唯一通透正规两室一厅中高楼层采光好,华业玫瑰东方    -  红庙,2室1厅 | 98.96平米 | 东 西 | 简装 | 高楼层(共11层) | 2007年建 | 板楼,9人关注 / 17天以前发布,940,"94,988元/平"
炫特嘉园三期板楼精装两居，满五唯一，诚意出售！！！,炫特嘉园三期    -  石佛营,2室1厅 | 93.69平米 | 南 北 | 精装 | 高楼层(共11层) | 2005年建 | 板塔结合,72人关注 / 1个月以前发布,685,"73,114元/平"
万年花城四期三环边 满五唯一  随时签约,万年花城四期    -  玉泉营,2室2厅 | 83.99平米 | 南 | 简装 | 顶层(共27层)  | 塔楼,28人关注 / 30天以前发布,645,"76,795元/平"
盛今佳园两居室东南向，无遮挡，诚心出售,盛今佳园    -  六里桥,2室1厅 | 91.57平米 | 东南 | 简装 | 低楼层(共26层)  | 板塔结合,14人关注 / 31天以前发布,930,"101,562元/平"
荔景园带电梯中间楼层采光好户型方正,荔景园    -  武夷花园,3室2厅 | 115平米 | 南 北 | 精装 | 中楼层(共11层) | 2005年建 | 板楼,39人关注 / 29天以前发布,559,"48,609元/平"
新宫 绿林苑 南北通透 一居室 业主诚售,绿林苑    -  西红门,1室1厅 | 82.8平米 | 南 北 | 简装 | 中楼层(共7层) | 2001年建 | 板楼,22人关注 / 23天以前发布,380,"45,894元/平"
望京圣馨大地 中楼层 无遮挡 视野远眺半个望京,圣馨大地    -  望京,2室1厅 | 104.32平米 | 东北 | 简装 | 29层 | 2002年建 | 塔楼,37人关注 / 18天以前发布,730,"69,977元/平"
梧桐苑栖凤园 高楼层 南北三居室 视野好,梧桐苑栖凤园    -  上岸地铁,3室1厅 | 89.4平米 | 南 北 | 精装 | 中楼层(共28层) | 2013年建 | 板楼,26人关注 / 31天以前发布,439,"49,106元/平"
路劲世界城二期 3室2厅 南 北,路劲世界城二期    -  南邵,3室2厅 | 94.45平米 | 南 北 | 精装 | 高楼层(共16层)  | 板楼,22人关注 / 27天以前发布,469,"49,656元/平"
翠成馨园精品两居，格局方正，高楼层，采光视野无忧,翠成馨园D区    -  垡头,2室1厅 | 79.22平米 | 东 南 | 简装 | 顶层(共24层) | 2014年建 | 塔楼,55人关注 / 29天以前发布,345,"43,550元/平"
右安门桥 开阳里一街，南北通透三居室 采光无遮挡,开阳里一街    -  北京南站,3室1厅 | 68.9平米 | 南 北 | 毛坯 | 6层  | 板楼,74人关注 / 30天以前发布,458,"66,474元/平"
通惠家园惠生园，全南大两居，视野采光好。,通惠家园    -  四惠,2室1厅 | 130.23平米 | 南 | 精装 | 9层 | 2004年建 | 板楼,42人关注 / 28天以前发布,750,"57,591元/平"
边户明厨明卫，精装修未入住，满五唯一 公园景色,中南湾    -  旧宫,2室2厅 | 97.34平米 | 南 西 北 | 精装 | 中楼层(共9层) | 2011年建 | 板楼,58人关注 / 30天以前发布,529,"54,346元/平"
阿尔法社区三期  中间楼层 满五唯一 精装自住,阿尔法社区三期    -  九棵树(家乐福),2室1厅 | 89.97平米 | 南 北 | 精装 | 中楼层(共6层) | 2011年建 | 板楼,43人关注 / 24天以前发布,370,"41,125元/平"
低密度 纯板楼 成熟社区 商品房满五唯一 采光好,天通苑本四区    -  天通苑,2室1厅 | 74.29平米 | 南 北 | 精装 | 顶层(共6层) | 2000年建 | 板楼,29人关注 / 24天以前发布,395,"53,171元/平"
柏林爱乐，正对花园，满五年，唯一,柏林爱乐一期    -  常营,1室1厅 | 67平米 | 西 | 简装 | 中楼层(共11层) | 2002年建 | 板楼,25人关注 / 29天以前发布,425,"63,433元/平"
八里庄北里小区 精装修一居室 满五年,八里庄北里小区    -  石佛营,1室1厅 | 50.39平米 | 东 西 | 精装 | 顶层(共6层)  | 板楼,73人关注 / 27天以前发布,253,"50,209元/平"
富力尚悦居D区 边户南北通透两居 满五唯一 中间层,富力尚悦居D区    -  通州其它,2室1厅 | 74.2平米 | 南 西 北 | 精装 | 中楼层(共18层)  | 板楼,33人关注 / 22天以前发布,208,"28,033元/平"
小关北里大一居 中间楼层 双轨地铁 楼龄新,小关北里    -  惠新西街,1室1厅 | 45.31平米 | 南 | 精装 | 中楼层(共6层)  | 板楼,29人关注 / 24天以前发布,375,"82,764元/平"
【新】青秀雅苑 南北通透 明卫 满五唯一 现价商品房,青秀雅苑    -  玉泉营,2室1厅 | 91.04平米 | 南 北 | 简装 | 中楼层(共21层) | 2011年建 | 板楼,28人关注 / 23天以前发布,480,"52,725元/平"
满2年，首套可贷款366万，精装修，空置中,润泽公馆    -  北苑,2室1厅 | 88.54平米 | 南 | 精装 | 低楼层(共23层) | 2013年建 | 板楼,48人关注 / 22天以前发布,830,"93,743元/平"
朝庭公寓 不临街 采光好 私密性好 满五唯一 看绿化,朝庭公寓    -  望京,2室2厅 | 112.07平米 | 西 | 精装 | 27层 | 2008年建 | 板塔结合,13人关注 / 21天以前发布,899,"80,218元/平"
满五唯一、西南朝向、户型方正、配套齐全交,望馨花园    -  望京,2室1厅 | 94.41平米 | 西南 | 精装 | 高楼层(共28层) | 2001年建 | 塔楼,7人关注 / 29天以前发布,765,"81,030元/平"
酒仙桥三街坊 中间楼层大两居 诚心出售,酒仙桥三街坊    -  酒仙桥,2室1厅 | 59.61平米 | 东 西 | 简装 | 中楼层(共6层) | 1991年建 | 板楼,47人关注 / 26天以前发布,313,"52,508元/平"
朝阳旺角 2室1厅 西 南,朝阳旺角    -  双桥,2室1厅 | 104.14平米 | 西 南 | 精装 | 高楼层(共15层) | 2006年建 | 塔楼,40人关注 / 29天以前发布,498,"47,821元/平"
燕堤西街7号院 高楼层南向一居室 2014年楼龄,金隅滨和园7号院    -  石景山其它,1室1厅 | 58.27平米 | 南 | 简装 | 高楼层(共31层)  | 板楼,11人关注 / 24天以前发布,220,"37,756元/平"
中海苏黎世家 西南四环 园林风格 满五年中楼层精装修,中海苏黎世家    -  科技园区,3室2厅 | 94.05平米 | 南 北 | 精装 | 中楼层(共11层) | 2012年建 | 板塔结合,27人关注 / 20天以前发布,720,"76,556元/平"
蓝调沙龙东区 南北双通透 精装修 满五唯一 诚意出售,蓝调沙龙东区    -  九棵树(家乐福),2室2厅 | 98.4平米 | 北 南 | 精装 | 低楼层(共6层) | 2004年建 | 板楼,40人关注 / 21天以前发布,445,"45,224元/平"
罗庄西里，西南向，户型方正，楼层好视野宽阔，,罗庄西里    -  知春路,2室1厅 | 81.34平米 | 西南 | 简装 | 低楼层(共18层) | 1997年建 | 塔楼,19人关注 / 31天以前发布,880,"108,188元/平"
保利罗兰香谷，南向两居室，精装修，满五年唯一,保利罗兰香谷    -  昌平其它,2室1厅 | 84.79平米 | 南 | 精装 | 中楼层(共18层) | 2014年建 | 板楼,9人关注 / 25天以前发布,446,"52,601元/平"
二环外 低楼层 南北朝向 交通便利,刘家窑南里    -  蒲黄榆,2室1厅 | 56.2平米 | 南 北 | 简装 | 低楼层(共6层) | 1989年建 | 板楼,28人关注 / 16天以前发布,350,"62,278元/平"
海户屯小区 精装修 拎包入住 南北通透户型 诚意出售,海户屯    -  大红门,3室1厅 | 68.7平米 | 南 北 | 精装 | 高楼层(共6层)  | 板楼,50人关注 / 21天以前发布,405,"58,952元/平"
公园悦府 商品房满五年，小区中间位置 中间楼层,京投发展公园悦府    -  回龙观,2室1厅 | 89.67平米 | 南 北 | 精装 | 中楼层(共11层) | 2014年建 | 板楼,20人关注 / 29天以前发布,655,"73,046元/平"
东亚印象台湖 精装修 高楼层 视野好,东亚印象台湖    -  通州其它,1室1厅 | 54.09平米 | 南 北 | 精装 | 顶层(共12层)  | 板楼,23人关注 / 22天以前发布,208,"38,455元/平"
苏荷时代后排不临街2居室 全南向 满五年唯一,苏荷时代    -  果园,2室1厅 | 93.75平米 | 南 | 简装 | 高楼层(共11层) | 2005年建 | 板塔结合,4人关注 / 30天以前发布,439,"46,827元/平"
六里桥 首科花园  西南朝向 两居室 满五年唯一商品房,首科花园    -  太平桥,2室1厅 | 98.43平米 | 西南 | 简装 | 低楼层(共24层)  | 塔楼,12人关注 / 26天以前发布,730,"74,165元/平"
慧华苑通透两居，满五年唯一，靠谱签约,慧华苑    -  回龙观,2室1厅 | 75.07平米 | 南 北 | 简装 | 中楼层(共7层)  | 板楼,22人关注 / 31天以前发布,425,"56,614元/平"
11站 南北通透 视野开阔 采光充足,11站    -  梨园,2室2厅 | 93.26平米 | 南 北 | 简装 | 中楼层(共15层) | 2005年建 | 板楼,2人关注 / 30天以前发布,418,"44,821元/平"
此房南北通透三居室，低楼层，配套齐全，交通便利,红星北里    -  和义,3室1厅 | 118.58平米 | 南 北 | 简装 | 低楼层(共7层) | 2001年建 | 板楼,17人关注 / 20天以前发布,468,"39,468元/平"
一梯一户，大面宽，大客厅，中高楼层，视野采光无遮挡,西山华府    -  马连洼,4室1厅 | 287.49平米 | 南 北 | 简装 | 中楼层(共7层)  | 板楼,33人关注 / 23天以前发布,2480,"86,264元/平"
新上  古城南路  南北通透  明厨明卫,古城南路    -  古城,2室1厅 | 49平米 | 南 北 | 简装 | 中楼层(共6层) | 1977年建 | 板楼,19人关注 / 17天以前发布,240,"48,980元/平"
新龙城 小区花园位置 大三居 双明卫 户型方正精装自住,新龙城    -  回龙观,3室2厅 | 128.01平米 | 南 北 | 精装 | 底层(共15层) | 2007年建 | 板楼,42人关注 / 31天以前发布,790,"61,714元/平"
南苑北里三区南北通透两居室满五年唯一,南苑北里三区    -  和义,2室1厅 | 72.83平米 | 南 北 | 简装 | 中楼层(共5层) | 1995年建 | 板楼,25人关注 / 30天以前发布,328,"45,037元/平"
低楼层 满五年唯一 南北通透 看房方便,育仁里2号院    -  科技园区,3室1厅 | 90.91平米 | 南 北 | 精装 | 底层(共6层)  | 板楼,18人关注 / 26天以前发布,590,"64,900元/平"
金泰丽湾 正规南向两居室 纯南向 人车分流,金泰丽湾悦栖山    -  大峪,2室1厅 | 92.77平米 | 南 | 简装 | 21层 | 2015年建 | 板塔结合,23人关注 / 24天以前发布,359,"38,698元/平"
满五年唯一，业主诚意出售，目前空置，采光好南北通透,宝石花苑    -  亚运村小营,3室2厅 | 142.66平米 | 南 北 | 精装 | 中楼层(共10层) | 2005年建 | 板楼,10人关注 / 25天以前发布,1520,"106,548元/平"
全明格局 小区中间位置 正对小花园,龙泽苑西区    -  回龙观,3室1厅 | 104.01平米 | 南 北 | 简装 | 中楼层(共7层)  | 板楼,33人关注 / 17天以前发布,565,"54,322元/平"
民族大学南路7号院 南北通透四居室,民族大学南路7号院    -  魏公村,4室1厅 | 98.7平米 | 南 北 | 简装 | 6层  | 板楼,25人关注 / 31天以前发布,1280,"129,686元/平"
通惠家园惠生园，全南大两居，视野采光好。,通惠家园    -  四惠,2室1厅 | 130.23平米 | 南 | 精装 | 9层 | 2004年建 | 板楼,42人关注 / 28天以前发布,750,"57,591元/平"
丹青府一梯两户  满五唯一商品房,丹青府    -  田村,2室1厅 | 87.49平米 | 南 北 | 简装 | 低楼层(共12层) | 2009年建 | 板楼,44人关注 / 31天以前发布,805,"92,011元/平"
房子南北朝向，采光和视野好，精装修,交林    -  和平里,3室1厅 | 70.8平米 | 南 北 | 精装 | 高楼层(共6层)  | 板楼,34人关注 / 29天以前发布,925,"130,650元/平"
柏林爱乐，正对花园，满五年，唯一,柏林爱乐一期    -  常营,1室1厅 | 67平米 | 西 | 简装 | 中楼层(共11层) | 2002年建 | 板楼,25人关注 / 29天以前发布,425,"63,433元/平"
七里庄 东大街西里 南北通透 精装修2居 诚心出售,东大街西里    -  七里庄,2室1厅 | 59.1平米 | 南 北 | 精装 | 顶层(共6层) | 1980年建 | 板楼,27人关注 / 19天以前发布,320,"54,146元/平"
低层优质三居室，南北落地窗，没有遮挡，出行方便,温泉花园B区    -  北七家,3室2厅 | 148.09平米 | 南 北 | 精装 | 中楼层(共7层) | 1998年建 | 板楼,17人关注 / 20天以前发布,395,"26,673元/平"
季庄小区    独立两居室    精装修,季庄小区    -  密云镇,2室2厅 | 102.21平米 | 南 北 | 精装 | 低楼层(共6层)  | 板楼,2人关注 / 20天以前发布,197,"19,275元/平"
北三环 知春路 蓟门南里 不临街南北两居 有钥匙随时看,蓟门南里    -  知春路,2室1厅 | 58.9平米 | 北 南 | 精装 | 中楼层(共6层) | 1983年建 | 板楼,19人关注 / 17天以前发布,640,"108,659元/平"
八里庄北里小区 精装修一居室 满五年,八里庄北里小区    -  石佛营,1室1厅 | 50.39平米 | 东 西 | 精装 | 顶层(共6层)  | 板楼,73人关注 / 27天以前发布,253,"50,209元/平"
中海苏黎世家 西南四环 园林风格 满五年中楼层精装修,中海苏黎世家    -  科技园区,3室2厅 | 94.05平米 | 南 北 | 精装 | 中楼层(共11层) | 2012年建 | 板塔结合,27人关注 / 20天以前发布,720,"76,556元/平"
蓝调沙龙东区 南北双通透 精装修 满五唯一 诚意出售,蓝调沙龙东区    -  九棵树(家乐福),2室2厅 | 98.4平米 | 北 南 | 精装 | 低楼层(共6层) | 2004年建 | 板楼,40人关注 / 21天以前发布,445,"45,224元/平"
